"Abington","10/27/2013","0.00","0.00","0.00","0.00","(1.57)","6376.23","11/04/2013","1103.18","0.00","0.00","0.00","0.00","1150.07","0:00:00","0:00:00","0.00","0.00","0.00","(1.57)","46.89","0.00","0.00","7524.73"
"Acushnet","10/27/2013","0.00","0.00","0.00","0.00","0.00","5133.22","11/04/2013","1548.67","0.00","0.00","0.00","0.00","1614.49","0:00:00","0:00:00","0.00","0.00","0.00","0.00","65.82","0.00","0.00","6747.71"
"Adams","10/27/2013","0.00","0.00","0.00","0.00","0.00","4991.81","11/04/2013","1988.66","0.00","0.00","0.00","0.00","2020.93","0:00:00","0:00:00","0.00","0.00","0.00","0.00","82.39","(50.12)","0.00","7012.74"
"Agawam","10/27/2013","0.00","0.00","0.00","0.00","(2.29)","4090.75","11/04/2013","2002.57","959.40","0.00","0.00","0.00","2087.68","0:00:00","0:00:00","0.00","0.00","0.00","(2.29)","85.11","0.00","0.00","6176.14"
"Alford","10/27/2013","0.00","802.62","0.00","0.00","0.00","6700.58","11/04/2013","2652.39","0.00","0.00","0.00","0.00","2712.87","0:00:00","5:12:00","0.00","0.00","0.00","0.00","110.60","(50.12)","0.00","9413.45"
"Amesbury","10/27/2013","338.02","39.30","0.00","0.00","0.00","20230.59","11/04/2013","4053.83","0.00","0.00","51.23","0.00","4578.94","6:27:00","0:45:00","11.52","(89.43)","0.00","0.00","174.47","0.00","0.00","24809.53"
"Amherst","10/27/2013","383.03","38.56","0.00","0.00","0.00","6766.89","11/05/2013","237.44","1908.26","0.00","0.00","0.00","593.76","7:27:00","0:45:00","13.32","(88.68)","0.00","0.00","10.09","0.00","0.00","7360.65"
"Andover","10/27/2013","1330.20","118.07","0.00","0.00","0.00","18036.71","11/05/2013","450.71","0.00","0.00","0.00","0.00","1906.56","8:27:00","0:45:00","55.26","(66.84)","0.00","0.00","19.16","0.00","0.00","19943.27"
"Aquinnah","10/27/2013","0.00","1559.56","0.00","0.00","0.00","5754.07","11/05/2013","0.00","666.10","0.00","0.00","0.00","0.00","0:00:00","10:12:00","0.00","0.00","0.00","0.00","0.00","0.00","0.00","5754.07"
"Arlington","10/27/2013","0.00","0.00","0.00","0.00","0.00","6905.35","11/05/2013","883.60","0.00","0.00","0.00","0.00","921.15","0:00:00","0:00:00","0.00","0.00","0.00","0.00","37.55","0.00","0.00","7826.50"
"Ashburnham","10/27/2013","0.00","0.00","0.00","0.00","0.00","7315.36","11/05/2013","1103.18","0.00","0.00","0.00","0.00","1150.07","0:00:00","0:00:00","0.00","0.00","0.00","0.00","46.89","0.00","0.00","8465.43"
"Ashfield","10/27/2013","0.00","0.00","0.00","0.00","0.00","6075.00","11/05/2013","1548.67","0.00","0.00","0.00","0.00","1614.49","0:00:00","0:00:00","0.00","0.00","0.00","0.00","65.82","0.00","0.00","7689.49"
"Ashland","10/27/2013","0.00","0.00","0.00","0.00","(4.85)","4926.23","11/05/2013","1774.57","0.00","0.00","0.00","0.00","1849.99","0:00:00","0:00:00","0.00","0.00","0.00","(4.85)","75.42","0.00","0.00","6771.37"
"Athol","10/27/2013","0.00","0.00","0.00","0.00","0.00","5020.87","11/06/2013","2002.57","0.00","0.00","0.00","0.00","2087.68","0:00:00","0:00:00","0.00","0.00","0.00","0.00","85.11","0.00","0.00","7108.55"
"Attleboro","10/27/2013","0.00","0.00","0.00","0.00","0.00","4069.26","11/06/2013","2232.67","0.00","0.00","0.00","0.00","2327.56","0:00:00","0:00:00","0.00","0.00","0.00","0.00","94.89","0.00","0.00","6396.82"
"Avon","10/27/2013","0.00","0.00","0.00","0.00","0.00","3627.87","11/06/2013","237.44","0.00","0.00","0.00","0.00","247.53","0:00:00","0:00:00","0.00","0.00","0.00","0.00","10.09","0.00","0.00","3875.40"
"Ayer","10/27/2013","0.00","0.00","0.00","0.00","0.00","3868.87","11/06/2013","450.71","0.00","0.00","0.00","0.00","469.87","0:00:00","0:00:00","0.00","0.00","0.00","0.00","19.16","0.00","0.00","4338.74"
"Barnstable","10/27/2013","0.00","0.00","0.00","0.00","0.00","8699.21","11/06/2013","0.00","666.10","0.00","0.00","0.00","0.00","0:00:00","0:00:00","0.00","0.00","0.00","0.00","0.00","0.00","0.00","8699.21"
"Barre","10/27/2013","0.00","0.00","0.00","0.00","0.00","3070.01","11/06/2013","883.60","0.00","0.00","0.00","0.00","921.15","0:00:00","0:00:00","0.00","0.00","0.00","0.00","37.55","0.00","0.00","3991.16"
"Becket","10/27/2013","0.00","0.00","0.00","0.00","0.00","3301.73","11/06/2013","1103.18","0.00","0.00","0.00","0.00","1150.07","0:00:00","0:00:00","0.00","0.00","0.00","0.00","46.89","0.00","0.00","4451.80"
"Belchertown","10/27/2013","0.00","0.00","0.00","0.00","0.00","4640.83","11/07/2013","1548.67","0.00","0.00","0.00","0.00","1614.49","0:00:00","0:00:00","0.00","0.00","0.00","0.00","65.82","0.00","0.00","6255.32"
"Bellingham","10/27/2013","0.00","0.00","0.00","0.00","0.00","7751.76","11/07/2013","1774.57","0.00","0.00","0.00","0.00","1849.99","0:00:00","0:00:00","0.00","0.00","0.00","0.00","75.42","0.00","0.00","9601.75"
"Belmont","10/27/2013","0.00","0.00","0.00","0.00","0.00","9838.77","11/07/2013","2002.57","0.00","0.00","0.00","0.00","2087.68","0:00:00","0:00:00","0.00","0.00","0.00","0.00","85.11","0.00","0.00","11926.45"
"Berkley","10/27/2013","0.00","0.00","0.00","0.00","0.00","6057.10","11/07/2013","2232.67","0.00","0.00","0.00","0.00","2327.56","0:00:00","0:00:00","0.00","0.00","0.00","0.00","94.89","0.00","0.00","8384.66"
"Berlin","10/27/2013","0.00","0.00","0.00","0.00","0.00","3771.39","11/07/2013","2464.88","0.00","0.00","0.00","0.00","2569.64","0:00:00","0:00:00","0.00","0.00","0.00","0.00","104.76","0.00","0.00","6341.03"
"Bernardston","10/27/2013","0.00","0.00","0.00","0.00","0.00","3766.58","11/07/2013","237.44","0.00","0.00","0.00","0.00","247.53","0:00:00","0:00:00","0.00","0.00","0.00","0.00","10.09","0.00","0.00","4014.11"
"Beverly","10/27/2013","0.00","0.00","0.00","0.00","0.00","4795.35","11/07/2013","247.90","0.00","0.00","0.00","0.00","258.44","0:00:00","0:00:00","0.00","0.00","0.00","0.00","10.54","0.00","0.00","5053.79"
"Billerica","10/27/2013","0.00","0.00","0.00","0.00","0.00","6922.23","11/08/2013","0.00","666.10","0.00","0.00","0.00","0.00","0:00:00","0:00:00","0.00","0.00","0.00","0.00","0.00","0.00","0.00","6922.23"
"Blackstone","10/27/2013","0.00","0.00","0.00","0.00","0.00","7394.44","11/08/2013","883.60","0.00","0.00","0.00","0.00","921.15","0:00:00","0:00:00","0.00","0.00","0.00","0.00","37.55","0.00","0.00","8315.59"
"Blandford","10/27/2013","0.00","0.00","0.00","0.00","0.00","4408.18","11/08/2013","1103.18","0.00","0.00","0.00","0.00","1150.07","0:00:00","0:00:00","0.00","0.00","0.00","0.00","46.89","0.00","0.00","5558.25"
"Boston","10/27/2013","0.00","0.00","0.00","0.00","0.00","8433.31","11/08/2013","1548.67","0.00","0.00","0.00","0.00","1614.49","0:00:00","0:00:00","0.00","0.00","0.00","0.00","65.82","0.00","0.00","10047.80"
"Bourne","10/27/2013","0.00","0.00","0.00","0.00","0.00","9231.71","11/08/2013","1774.57","0.00","0.00","0.00","0.00","1849.99","0:00:00","0:00:00","0.00","0.00","0.00","0.00","75.42","0.00","0.00","11081.70"
"Boxborough","10/27/2013","0.00","0.00","0.00","0.00","0.00","6500.43","11/08/2013","2002.57","0.00","0.00","0.00","0.00","2087.68","0:00:00","0:00:00","0.00","0.00","0.00","0.00","85.11","0.00","0.00","8588.11"
"Boxford","10/27/2013","0.00","0.00","0.00","0.00","(4.80)","4936.53","11/08/2013","2232.67","0.00","0.00","0.00","0.00","2327.56","0:00:00","0:00:00","0.00","0.00","0.00","(4.80)","94.89","0.00","0.00","7259.29"
"Boylston","10/27/2013","0.00","0.00","0.00","0.00","0.00","3893.65","11/09/2013","2464.88","0.00","0.00","0.00","0.00","2569.64","0:00:00","0:00:00","0.00","0.00","0.00","0.00","104.76","0.00","0.00","6463.29"
"Braintree","10/27/2013","0.00","0.00","0.00","0.00","0.00","4126.87","11/09/2013","237.44","0.00","0.00","0.00","0.00","247.53","0:00:00","0:00:00","0.00","0.00","0.00","0.00","10.09","0.00","0.00","4374.40"
"Brewster","10/27/2013","0.00","0.00","0.00","0.00","0.00","4521.74","11/09/2013","450.71","0.00","0.00","0.00","0.00","469.87","0:00:00","0:00:00","0.00","0.00","0.00","0.00","19.16","0.00","0.00","4991.61"
"Brimfield","10/27/2013","0.00","0.00","0.00","0.00","0.00","5861.31","11/09/2013","883.60","0.00","0.00","0.00","0.00","921.15","0:00:00","0:00:00","0.00","0.00","0.00","0.00","37.55","0.00","0.00","6782.46"
"Brockton","10/27/2013","0.00","0.00","0.00","0.00","0.00","6711.35","11/09/2013","1103.18","0.00","0.00","0.00","0.00","1150.07","0:00:00","0:00:00","0.00","0.00","0.00","0.00","46.89","0.00","0.00","7861.42"
"Brookline","10/27/2013","0.00","0.00","0.00","0.00","0.00","3403.16","11/09/2013","1548.67","0.00","0.00","0.00","0.00","1614.49","0:00:00","0:00:00","0.00","0.00","0.00","0.00","65.82","0.00","0.00","5017.65"
"Buckland","10/27/2013","0.00","0.00","0.00","0.00","0.00","4389.38","11/10/2013","1774.57","0.00","0.00","0.00","0.00","1849.99","0:00:00","0:00:00","0.00","0.00","0.00","0.00","75.42","0.00","0.00","6239.37"
"Burlington","10/27/2013","0.00","0.00","0.00","0.00","0.00","4384.66","11/10/2013","2002.57","0.00","0.00","0.00","0.00","2087.68","0:00:00","0:00:00","0.00","0.00","0.00","0.00","85.11","0.00","0.00","6472.34"
"Cambridge","10/27/2013","0.00","0.00","0.00","0.00","0.00","4175.68","11/10/2013","2232.67","0.00","0.00","0.00","0.00","2327.56","0:00:00","0:00:00","0.00","0.00","0.00","0.00","94.89","0.00","0.00","6503.24"
"Canton","10/27/2013","0.00","0.00","0.00","0.00","(10.98)","3434.52","11/10/2013","2464.88","0.00","0.00","0.00","0.00","2569.64","0:00:00","0:00:00","0.00","0.00","0.00","(10.98)","104.76","0.00","0.00","5993.18"
"Carlisle","10/27/2013","0.00","0.00","0.00","0.00","0.00","4108.56","11/10/2013","237.44","0.00","0.00","0.00","0.00","247.53","0:00:00","0:00:00","0.00","0.00","0.00","0.00","10.09","0.00","0.00","4356.09"
"Carver","10/27/2013","0.00","0.00","0.00","0.00","0.00","4477.71","11/10/2013","450.71","0.00","0.00","0.00","0.00","469.87","0:00:00","0:00:00","0.00","0.00","0.00","0.00","19.16","0.00","0.00","4947.58"
"Charlemont","10/27/2013","0.00","0.00","0.00","0.00","0.00","5658.16","11/10/2013","0.00","666.10","0.00","0.00","0.00","0.00","0:00:00","0:00:00","0.00","0.00","0.00","0.00","0.00","0.00","0.00","5658.16"
"Charlton","10/27/2013","0.00","0.00","0.00","0.00","0.00","7144.20","11/10/2013","883.60","0.00","0.00","0.00","0.00","921.15","0:00:00","0:00:00","0.00","0.00","0.00","0.00","37.55","0.00","0.00","8065.35"
"Chatham","10/27/2013","0.00","0.00","0.00","0.00","0.00","7381.44","11/11/2013","1103.18","0.00","0.00","0.00","0.00","1150.07","0:00:00","0:00:00","0.00","0.00","0.00","0.00","46.89","0.00","0.00","8531.51"
"Chelsea","10/27/2013","0.00","0.00","0.00","0.00","0.00","5999.86","11/11/2013","1548.67","0.00","0.00","0.00","0.00","1614.49","0:00:00","0:00:00","0.00","0.00","0.00","0.00","65.82","0.00","0.00","7614.35"
"Cheshire","10/27/2013","0.00","0.00","0.00","0.00","0.00","4817.46","11/11/2013","1774.57","0.00","0.00","0.00","0.00","1849.99","0:00:00","0:00:00","0.00","0.00","0.00","0.00","75.42","0.00","0.00","6667.45"
"Chester","10/27/2013","0.00","0.00","0.00","0.00","0.00","5229.70","11/11/2013","2002.57","0.00","0.00","0.00","0.00","2087.68","0:00:00","0:00:00","0.00","0.00","0.00","0.00","85.11","0.00","0.00","7317.38"
"Chesterfield","10/27/2013","0.00","0.00","0.00","0.00","0.00","4058.28","11/11/2013","2232.67","0.00","0.00","0.00","0.00","2327.56","0:00:00","0:00:00","0.00","0.00","0.00","0.00","94.89","0.00","0.00","6385.84"
"Chicopee","10/27/2013","0.00","0.00","0.00","0.00","0.00","3476.11","11/11/2013","2464.88","0.00","0.00","0.00","0.00","2569.64","0:00:00","0:00:00","0.00","0.00","0.00","0.00","104.76","0.00","0.00","6045.75"
"Chilmark","10/27/2013","0.00","0.00","0.00","0.00","0.00","4064.11","11/11/2013","237.44","0.00","0.00","0.00","0.00","247.53","0:00:00","0:00:00","0.00","0.00","0.00","0.00","10.09","0.00","0.00","4311.64"
"Clarksburg","10/27/2013","0.00","0.00","0.00","0.00","0.00","4381.36","11/12/2013","450.71","0.00","0.00","0.00","0.00","469.87","0:00:00","0:00:00","0.00","0.00","0.00","0.00","19.16","0.00","0.00","4851.23"
"Clinton","10/27/2013","0.00","0.00","0.00","0.00","0.00","5761.20","11/12/2013","0.00","666.10","0.00","0.00","0.00","0.00","0:00:00","0:00:00","0.00","0.00","0.00","0.00","0.00","0.00","0.00","5761.20"
"Cohasset","10/27/2013","0.00","0.00","0.00","0.00","0.00","6879.89","11/12/2013","883.60","0.00","0.00","0.00","0.00","921.15","0:00:00","0:00:00","0.00","0.00","0.00","0.00","37.55","0.00","0.00","7801.04"
"Colrain","10/27/2013","0.00","0.00","0.00","0.00","0.00","7268.48","11/12/2013","1103.18","0.00","0.00","0.00","0.00","1150.07","0:00:00","0:00:00","0.00","0.00","0.00","0.00","46.89","0.00","0.00","8418.55"
"Conway","10/27/2013","0.00","0.00","0.00","0.00","(7.99)","4159.81","11/12/2013","1548.67","0.00","0.00","0.00","0.00","1614.49","0:00:00","0:00:00","0.00","0.00","0.00","(7.99)","65.82","0.00","0.00","5766.31"
"Cummington","10/27/2013","0.00","0.00","0.00","0.00","0.00","4851.50","11/12/2013","1774.57","0.00","0.00","0.00","0.00","1849.99","0:00:00","0:00:00","0.00","0.00","0.00","0.00","75.42","0.00","0.00","6701.49"
"Dalton","10/27/2013","0.00","0.00","0.00","0.00","0.00","4770.85","11/12/2013","2002.57","0.00","0.00","0.00","0.00","2087.68","0:00:00","0:00:00","0.00","0.00","0.00","0.00","85.11","0.00","0.00","6858.53"
"Danvers","10/27/2013","0.00","0.00","0.00","0.00","0.00","3962.71","11/13/2013","2232.67","0.00","0.00","0.00","0.00","2327.56","0:00:00","0:00:00","0.00","0.00","0.00","0.00","94.89","0.00","0.00","6290.27"
"Dartmouth","10/27/2013","0.00","0.00","0.00","0.00","0.00","2194.37","11/13/2013","2464.88","0.00","0.00","0.00","0.00","2569.64","0:00:00","0:00:00","0.00","0.00","0.00","0.00","104.76","0.00","0.00","4764.01"
"Dedham","10/27/2013","0.00","0.00","0.00","0.00","0.00","3198.73","11/13/2013","237.44","0.00","0.00","0.00","0.00","247.53","0:00:00","0:00:00","0.00","0.00","0.00","0.00","10.09","0.00","0.00","3446.26"
"Deerfield","10/27/2013","0.00","0.00","0.00","0.00","(10.91)","3449.44","11/13/2013","450.71","0.00","0.00","0.00","0.00","469.87","0:00:00","0:00:00","0.00","0.00","0.00","(10.91)","19.16","0.00","0.00","3908.40"
"Dennis","10/27/2013","0.00","0.00","0.00","0.00","0.00","5543.29","11/13/2013","0.00","666.10","0.00","0.00","0.00","0.00","0:00:00","0:00:00","0.00","0.00","0.00","0.00","0.00","0.00","0.00","5543.29"
"Dighton","10/27/2013","0.00","0.00","0.00","0.00","0.00","6810.08","11/13/2013","883.60","0.00","0.00","0.00","0.00","921.15","0:00:00","0:00:00","0.00","0.00","0.00","0.00","37.55","0.00","0.00","7731.23"
"Douglas","10/27/2013","0.00","0.00","0.00","0.00","0.00","7200.86","11/13/2013","1103.18","0.00","0.00","0.00","0.00","1150.07","0:00:00","0:00:00","0.00","0.00","0.00","0.00","46.89","0.00","0.00","8350.93"
"Dracut","10/27/2013","0.00","0.00","0.00","0.00","0.00","6084.93","11/14/2013","1548.67","0.00","0.00","0.00","0.00","1614.49","0:00:00","0:00:00","0.00","0.00","0.00","0.00","65.82","0.00","0.00","7699.42"
"Dudley","10/27/2013","0.00","0.00","0.00","0.00","0.00","5815.92","11/14/2013","1774.57","0.00","0.00","0.00","0.00","1849.99","0:00:00","0:00:00","0.00","0.00","0.00","0.00","75.42","0.00","0.00","7665.91"
"Dunstable","10/27/2013","0.00","0.00","0.00","0.00","0.00","7050.03","11/14/2013","2002.57","0.00","0.00","0.00","0.00","2087.68","0:00:00","0:00:00","0.00","0.00","0.00","0.00","85.11","0.00","0.00","9137.71"
"Duxbury","10/27/2013","0.00","0.00","0.00","0.00","0.00","5330.62","11/14/2013","2232.67","0.00","0.00","0.00","0.00","2327.56","0:00:00","0:00:00","0.00","0.00","0.00","0.00","94.89","0.00","0.00","7658.18"
"East.Bridgewater","10/27/2013","0.00","0.00","0.00","0.00","0.00","4509.02","11/14/2013","2464.88","0.00","0.00","0.00","0.00","2569.64","0:00:00","0:00:00","0.00","0.00","0.00","0.00","104.76","0.00","0.00","7078.66"
"East.Brookfield","10/27/2013","0.00","0.00","0.00","0.00","0.00","4813.89","11/14/2013","237.44","0.00","0.00","0.00","0.00","247.53","0:00:00","0:00:00","0.00","0.00","0.00","0.00","10.09","0.00","0.00","5061.42"
"East.Longmeadow","10/27/2013","0.00","0.00","0.00","0.00","(469.87)","1117.67","11/14/2013","450.71","0.00","0.00","0.00","0.00","469.87","0:00:00","0:00:00","0.00","0.00","0.00","(469.87)","19.16","0.00","0.00","1117.67"
"Eastham","10/27/2013","0.00","0.00","0.00","0.00","0.00","8619.80","11/14/2013","0.00","666.10","0.00","0.00","0.00","0.00","0:00:00","0:00:00","0.00","0.00","0.00","0.00","0.00","0.00","0.00","8619.80"
"Easthampton","10/27/2013","0.00","0.00","0.00","0.00","0.00","4980.12","11/15/2013","883.60","0.00","0.00","0.00","0.00","921.15","0:00:00","0:00:00","0.00","0.00","0.00","0.00","37.55","0.00","0.00","5901.27"
"Easton","10/27/2013","0.00","0.00","0.00","0.00","0.00","12346.44","11/15/2013","1103.18","0.00","0.00","0.00","0.00","1150.07","0:00:00","0:00:00","0.00","0.00","0.00","0.00","46.89","0.00","0.00","13496.51"
"Egremont","10/27/2013","0.00","0.00","0.00","0.00","0.00","5468.17","11/15/2013","1548.67","0.00","0.00","0.00","0.00","1614.49","0:00:00","0:00:00","0.00","0.00","0.00","0.00","65.82","0.00","0.00","7082.66"
"Erving","10/27/2013","0.00","0.00","0.00","0.00","0.00","4440.04","11/15/2013","1774.57","0.00","0.00","0.00","0.00","1849.99","0:00:00","0:00:00","0.00","0.00","0.00","0.00","75.42","0.00","0.00","6290.03"
"Everett","10/27/2013","0.00","0.00","0.00","0.00","(3.16)","2622.74","11/15/2013","2232.67","0.00","0.00","0.00","0.00","2327.56","0:00:00","0:00:00","0.00","0.00","0.00","(3.16)","94.89","0.00","0.00","4947.14"
"Fairhaven","10/27/2013","0.00","0.00","0.00","0.00","0.00","5836.38","11/15/2013","2464.88","0.00","0.00","0.00","0.00","2569.64","0:00:00","0:00:00","0.00","0.00","0.00","0.00","104.76","0.00","0.00","8406.02"
"Fall River","10/27/2013","0.00","0.00","0.00","0.00","0.00","8000.55","11/16/2013","237.44","0.00","0.00","0.00","0.00","247.53","0:00:00","0:00:00","0.00","0.00","0.00","0.00","10.09","0.00","0.00","8248.08"
"Falmouth","10/27/2013","0.00","0.00","0.00","0.00","0.00","10527.89","11/16/2013","450.71","0.00","0.00","0.00","0.00","469.87","0:00:00","0:00:00","0.00","0.00","0.00","0.00","19.16","0.00","0.00","10997.76"
"Fitchburg","10/27/2013","0.00","0.00","0.00","0.00","0.00","3784.07","11/16/2013","0.00","666.10","0.00","0.00","0.00","0.00","0:00:00","0:00:00","0.00","0.00","0.00","0.00","0.00","0.00","0.00","3784.07"
"Florida","10/27/2013","0.00","0.00","0.00","0.00","0.00","6153.67","11/16/2013","883.60","0.00","0.00","0.00","0.00","921.15","0:00:00","0:00:00","0.00","0.00","0.00","0.00","37.55","0.00","0.00","7074.82"
"Foxborough","10/27/2013","0.00","0.00","0.00","0.00","0.00","11165.92","11/16/2013","1103.18","0.00","0.00","0.00","0.00","1150.07","0:00:00","0:00:00","0.00","0.00","0.00","0.00","46.89","0.00","0.00","12315.99"
"Franklin","10/27/2013","0.00","0.00","0.00","0.00","0.00","6039.05","11/16/2013","1548.67","0.00","0.00","0.00","0.00","1614.49","0:00:00","0:00:00","0.00","0.00","0.00","0.00","65.82","0.00","0.00","7653.54"
"Freetown","10/27/2013","0.00","0.00","0.00","0.00","0.00","4856.98","11/16/2013","1774.57","0.00","0.00","0.00","0.00","1849.99","0:00:00","0:00:00","0.00","0.00","0.00","0.00","75.42","0.00","0.00","6706.97"
"Gardner","10/27/2013","0.00","0.00","0.00","0.00","0.00","5077.29","11/17/2013","2002.57","0.00","0.00","0.00","0.00","2087.68","0:00:00","0:00:00","0.00","0.00","0.00","0.00","85.11","0.00","0.00","7164.97"
"Georgetown","10/27/2013","0.00","0.00","0.00","0.00","0.00","4084.22","11/17/2013","2232.67","0.00","0.00","0.00","0.00","2327.56","0:00:00","0:00:00","0.00","0.00","0.00","0.00","94.89","0.00","0.00","6411.78"
"Gill","10/27/2013","0.00","0.00","0.00","0.00","0.00","3311.17","11/17/2013","2464.88","0.00","0.00","0.00","0.00","2569.64","0:00:00","0:00:00","0.00","0.00","0.00","0.00","104.76","0.00","0.00","5880.81"
"Gloucester","10/27/2013","0.00","0.00","0.00","0.00","0.00","3993.90","11/17/2013","237.44","0.00","0.00","0.00","0.00","247.53","0:00:00","0:00:00","0.00","0.00","0.00","0.00","10.09","0.00","0.00","4241.43"
"Goshen","10/27/2013","0.00","0.00","0.00","0.00","0.00","4381.35","11/17/2013","450.71","0.00","0.00","0.00","0.00","469.87","0:00:00","0:00:00","0.00","0.00","0.00","0.00","19.16","0.00","0.00","4851.22"
"Gosnold","10/27/2013","0.00","0.00","0.00","0.00","0.00","5541.76","11/17/2013","0.00","666.10","0.00","0.00","0.00","0.00","0:00:00","0:00:00","0.00","0.00","0.00","0.00","0.00","0.00","0.00","5541.76"
"Grafton","10/27/2013","0.00","0.00","0.00","0.00","0.00","7087.92","11/17/2013","883.60","0.00","0.00","0.00","0.00","921.15","0:00:00","0:00:00","0.00","0.00","0.00","0.00","37.55","0.00","0.00","8009.07"
"Granby","10/27/2013","0.00","0.00","0.00","0.00","0.00","7244.14","11/17/2013","1103.18","0.00","0.00","0.00","0.00","1150.07","0:00:00","0:00:00","0.00","0.00","0.00","0.00","46.89","0.00","0.00","8394.21"
"Great Barrington","10/27/2013","0.00","0.00","0.00","0.00","0.00","5887.22","11/18/2013","1548.67","0.00","0.00","0.00","0.00","1614.49","0:00:00","0:00:00","0.00","0.00","0.00","0.00","65.82","0.00","0.00","7501.71"
"Greenfield","10/27/2013","0.00","0.00","0.00","0.00","0.00","4728.71","11/18/2013","1774.57","0.00","0.00","0.00","0.00","1849.99","0:00:00","0:00:00","0.00","0.00","0.00","0.00","75.42","0.00","0.00","6578.70"
"Groton","10/27/2013","0.00","0.00","0.00","0.00","0.00","5170.66","11/18/2013","2002.57","0.00","0.00","0.00","0.00","2087.68","0:00:00","0:00:00","0.00","0.00","0.00","0.00","85.11","0.00","0.00","7258.34"
"Groveland","10/27/2013","0.00","0.00","0.00","0.00","0.00","3881.66","11/18/2013","2232.67","0.00","0.00","0.00","0.00","2327.56","0:00:00","0:00:00","0.00","0.00","0.00","0.00","94.89","0.00","0.00","6209.22"
"Hadley","10/27/2013","0.00","0.00","0.00","0.00","0.00","2693.89","11/18/2013","2464.88","0.00","0.00","0.00","0.00","2569.64","0:00:00","0:00:00","0.00","0.00","0.00","0.00","104.76","0.00","0.00","5263.53"
"Hamilton","10/27/2013","0.00","0.00","0.00","0.00","0.00","4332.91","11/18/2013","450.71","0.00","0.00","0.00","0.00","469.87","0:00:00","0:00:00","0.00","0.00","0.00","0.00","19.16","0.00","0.00","4802.78"
"Hampden","10/27/2013","0.00","0.00","0.00","0.00","0.00","5286.25","11/19/2013","0.00","666.10","0.00","0.00","0.00","0.00","0:00:00","0:00:00","0.00","0.00","0.00","0.00","0.00","0.00","0.00","5286.25"
"Hancock","10/27/2013","0.00","0.00","0.00","0.00","0.00","5933.87","11/19/2013","883.60","0.00","0.00","0.00","0.00","921.15","0:00:00","0:00:00","0.00","0.00","0.00","0.00","37.55","0.00","0.00","6855.02"
"Hanover","10/27/2013","0.00","0.00","0.00","0.00","0.00","4949.94","11/19/2013","1103.18","0.00","0.00","0.00","0.00","1150.07","0:00:00","0:00:00","0.00","0.00","0.00","0.00","46.89","0.00","0.00","6100.01"
"Hardwick","10/27/2013","0.00","0.00","0.00","0.00","0.00","5566.63","11/19/2013","1548.67","0.00","0.00","0.00","0.00","1614.49","0:00:00","0:00:00","0.00","0.00","0.00","0.00","65.82","0.00","0.00","7181.12"
"Harvard","10/27/2013","0.00","0.00","0.00","0.00","0.00","4116.38","11/19/2013","1774.57","0.00","0.00","0.00","0.00","1849.99","0:00:00","0:00:00","0.00","0.00","0.00","0.00","75.42","0.00","0.00","5966.37"
"Harwich","10/27/2013","0.00","0.00","0.00","0.00","0.00","4798.77","11/19/2013","2002.57","0.00","0.00","0.00","0.00","2087.68","0:00:00","0:00:00","0.00","0.00","0.00","0.00","85.11","0.00","0.00","6886.45"
"Hatfield","10/27/2013","0.00","0.00","0.00","0.00","0.00","3850.12","11/19/2013","2232.67","0.00","0.00","0.00","0.00","2327.56","0:00:00","0:00:00","0.00","0.00","0.00","0.00","94.89","0.00","0.00","6177.68"
"Haverhill","10/27/2013","0.00","0.00","0.00","0.00","0.00","3257.25","11/20/2013","2464.88","0.00","0.00","0.00","0.00","2569.64","0:00:00","0:00:00","0.00","0.00","0.00","0.00","104.76","0.00","0.00","5826.89"
"Hawley","10/27/2013","0.00","0.00","0.00","0.00","0.00","3835.20","11/20/2013","237.44","0.00","0.00","0.00","0.00","247.53","0:00:00","0:00:00","0.00","0.00","0.00","0.00","10.09","0.00","0.00","4082.73"
"Heath","10/27/2013","0.00","0.00","0.00","0.00","0.00","4382.87","11/20/2013","450.71","0.00","0.00","0.00","0.00","469.87","0:00:00","0:00:00","0.00","0.00","0.00","0.00","19.16","0.00","0.00","4852.74"
"Hingham","10/27/2013","0.00","0.00","0.00","0.00","0.00","5552.82","11/20/2013","0.00","666.10","0.00","0.00","0.00","0.00","0:00:00","0:00:00","0.00","0.00","0.00","0.00","0.00","0.00","0.00","5552.82"
"Hinsdale","10/27/2013","0.00","0.00","0.00","0.00","0.00","6849.17","11/20/2013","883.60","0.00","0.00","0.00","0.00","921.15","0:00:00","0:00:00","0.00","0.00","0.00","0.00","37.55","0.00","0.00","7770.32"
"Holbrook","10/27/2013","0.00","0.00","0.00","0.00","0.00","7209.53","11/20/2013","1103.18","0.00","0.00","0.00","0.00","1150.07","0:00:00","0:00:00","0.00","0.00","0.00","0.00","46.89","0.00","0.00","8359.60"
"Holland","10/27/2013","0.00","0.00","0.00","0.00","0.00","6121.01","11/20/2013","1548.67","0.00","0.00","0.00","0.00","1614.49","0:00:00","0:00:00","0.00","0.00","0.00","0.00","65.82","0.00","0.00","7735.50"
"Holliston","10/27/2013","0.00","0.00","0.00","0.00","0.00","4660.27","11/21/2013","1774.57","0.00","0.00","0.00","0.00","1849.99","0:00:00","0:00:00","0.00","0.00","0.00","0.00","75.42","0.00","0.00","6510.26"
"Holyoke","10/27/2013","0.00","0.00","0.00","0.00","0.00","4931.72","11/21/2013","2002.57","0.00","0.00","0.00","0.00","2087.68","0:00:00","0:00:00","0.00","0.00","0.00","0.00","85.11","0.00","0.00","7019.40"
"Hopedale","10/27/2013","0.00","0.00","0.00","0.00","0.00","3981.66","11/21/2013","2232.67","0.00","0.00","0.00","0.00","2327.56","0:00:00","0:00:00","0.00","0.00","0.00","0.00","94.89","0.00","0.00","6309.22"
"Hopkinton","10/27/2013","0.00","0.00","0.00","0.00","0.00","3384.28","11/21/2013","2464.88","0.00","0.00","0.00","0.00","2569.64","0:00:00","0:00:00","0.00","0.00","0.00","0.00","104.76","0.00","0.00","5953.92"
"Hubbardston","10/27/2013","0.00","0.00","0.00","0.00","0.00","4068.35","11/21/2013","237.44","0.00","0.00","0.00","0.00","247.53","0:00:00","0:00:00","0.00","0.00","0.00","0.00","10.09","0.00","0.00","4315.88"
"Hudson","10/27/2013","0.00","0.00","0.00","0.00","0.00","6299.25","11/21/2013","450.71","0.00","0.00","0.00","0.00","469.87","0:00:00","0:00:00","0.00","0.00","0.00","0.00","19.16","0.00","0.00","6769.12"
"Hull","10/27/2013","0.00","0.00","0.00","0.00","0.00","7392.19","11/21/2013","0.00","666.10","0.00","0.00","0.00","0.00","0:00:00","0:00:00","0.00","0.00","0.00","0.00","0.00","0.00","0.00","7392.19"
"Ipswich","10/27/2013","0.00","0.00","0.00","0.00","0.00","10488.71","11/22/2013","1103.18","0.00","0.00","0.00","0.00","1150.07","0:00:00","0:00:00","0.00","0.00","0.00","0.00","46.89","0.00","0.00","11638.78"
"Lakeville","10/27/2013","0.00","0.00","0.00","0.00","0.00","8606.70","11/22/2013","1548.67","0.00","0.00","0.00","0.00","1614.49","0:00:00","0:00:00","0.00","0.00","0.00","0.00","65.82","0.00","0.00","10221.19"
"Lancaster","10/27/2013","0.00","0.00","0.00","0.00","0.00","5012.96","11/22/2013","1774.57","0.00","0.00","0.00","0.00","1849.99","0:00:00","0:00:00","0.00","0.00","0.00","0.00","75.42","0.00","0.00","6862.95"
"Lanesborough","10/27/2013","0.00","0.00","0.00","0.00","0.00","3670.52","11/22/2013","2002.57","0.00","0.00","0.00","0.00","2087.68","0:00:00","0:00:00","0.00","0.00","0.00","0.00","85.11","0.00","0.00","5758.20"
"Lawrence","10/27/2013","0.00","0.00","0.00","0.00","0.00","3655.16","11/22/2013","2232.67","0.00","0.00","0.00","0.00","2327.56","0:00:00","0:00:00","0.00","0.00","0.00","0.00","94.89","0.00","0.00","5982.72"
"Lee","10/27/2013","0.00","0.00","0.00","0.00","0.00","2426.45","11/22/2013","2464.88","0.00","0.00","0.00","0.00","2569.64","0:00:00","0:00:00","0.00","0.00","0.00","0.00","104.76","0.00","0.00","4996.09"
"Leicester","10/27/2013","0.00","0.00","0.00","0.00","0.00","4754.94","11/22/2013","237.44","0.00","0.00","0.00","0.00","247.53","0:00:00","0:00:00","0.00","0.00","0.00","0.00","10.09","0.00","0.00","5002.47"
"Lenox","10/27/2013","0.00","0.00","0.00","0.00","0.00","2956.28","11/23/2013","450.71","0.00","0.00","0.00","0.00","469.87","0:00:00","0:00:00","0.00","0.00","0.00","0.00","19.16","0.00","0.00","3426.15"
"Leominster","10/27/2013","0.00","0.00","0.00","0.00","0.00","5552.84","11/23/2013","0.00","666.10","0.00","0.00","0.00","0.00","0:00:00","0:00:00","0.00","0.00","0.00","0.00","0.00","0.00","0.00","5552.84"
"Leverett","10/27/2013","0.00","0.00","0.00","0.00","0.00","5065.71","11/23/2013","883.60","0.00","0.00","0.00","0.00","921.15","0:00:00","0:00:00","0.00","0.00","0.00","0.00","37.55","0.00","0.00","5986.86"
"Lexington","10/27/2013","0.00","0.00","0.00","0.00","0.00","12919.96","11/23/2013","1103.18","0.00","0.00","0.00","0.00","1150.07","0:00:00","0:00:00","0.00","0.00","0.00","0.00","46.89","0.00","0.00","14070.03"
"Lincoln","10/27/2013","0.00","0.00","0.00","0.00","0.00","6993.67","11/23/2013","1548.67","0.00","0.00","0.00","0.00","1614.49","0:00:00","0:00:00","0.00","0.00","0.00","0.00","65.82","0.00","0.00","8608.16"
"Littleton","10/27/2013","0.00","0.00","0.00","0.00","0.00","4853.46","11/23/2013","1774.57","0.00","0.00","0.00","0.00","1849.99","0:00:00","0:00:00","0.00","0.00","0.00","0.00","75.42","0.00","0.00","6703.45"
"Longmeadow","10/27/2013","0.00","0.00","0.00","0.00","0.00","3358.66","11/23/2013","2002.57","0.00","0.00","0.00","0.00","2087.68","0:00:00","0:00:00","0.00","0.00","0.00","0.00","85.11","0.00","0.00","5446.34"
"Lowell","10/27/2013","0.00","0.00","0.00","0.00","0.00","4810.71","11/24/2013","2232.67","0.00","0.00","0.00","0.00","2327.56","0:00:00","0:00:00","0.00","0.00","0.00","0.00","94.89","0.00","0.00","7138.27"
"Ludlow","10/27/2013","0.00","0.00","0.00","0.00","0.00","3194.87","11/24/2013","2464.88","0.00","0.00","0.00","0.00","2569.64","0:00:00","0:00:00","0.00","0.00","0.00","0.00","104.76","0.00","0.00","5764.51"
"Lunenburg","10/27/2013","0.00","0.00","0.00","0.00","0.00","3888.59","11/24/2013","237.44","0.00","0.00","0.00","0.00","247.53","0:00:00","0:00:00","0.00","0.00","0.00","0.00","10.09","0.00","0.00","4136.12"
"Lynn","10/27/2013","0.00","0.00","0.00","0.00","0.00","4261.70","11/24/2013","450.71","0.00","0.00","0.00","0.00","469.87","0:00:00","0:00:00","0.00","0.00","0.00","0.00","19.16","0.00","0.00","4731.57"
"Lynnfield","10/27/2013","0.00","0.00","0.00","0.00","0.00","5417.22","11/24/2013","0.00","666.10","0.00","0.00","0.00","0.00","0:00:00","0:00:00","0.00","0.00","0.00","0.00","0.00","0.00","0.00","5417.22"
"Malden","10/27/2013","0.00","0.00","0.00","0.00","0.00","6998.60","11/24/2013","883.60","0.00","0.00","0.00","0.00","921.15","0:00:00","0:00:00","0.00","0.00","0.00","0.00","37.55","0.00","0.00","7919.75"
"Manchester-by-the-Sea","10/27/2013","0.00","0.00","0.00","0.00","0.00","7281.32","11/24/2013","1103.18","0.00","0.00","0.00","0.00","1150.07","0:00:00","0:00:00","0.00","0.00","0.00","0.00","46.89","0.00","0.00","8431.39"
"Marion","10/27/2013","0.00","0.00","0.00","0.00","0.00","2698.96","11/25/2013","1774.57","0.00","0.00","0.00","0.00","1849.99","0:00:00","0:00:00","0.00","0.00","0.00","0.00","75.42","0.00","0.00","4548.95"
"Marlborough","10/27/2013","0.00","0.00","0.00","0.00","0.00","3981.11","11/25/2013","2002.57","0.00","0.00","0.00","0.00","2087.68","0:00:00","0:00:00","0.00","0.00","0.00","0.00","85.11","0.00","0.00","6068.79"
"Marshfield","10/27/2013","0.00","0.00","0.00","0.00","0.00","3674.71","11/25/2013","2232.67","0.00","0.00","0.00","0.00","2327.56","0:00:00","0:00:00","0.00","0.00","0.00","0.00","94.89","0.00","0.00","6002.27"
"Mashpee","10/27/2013","0.00","0.00","0.00","0.00","0.00","2405.40","11/25/2013","2464.88","0.00","0.00","0.00","0.00","2569.64","0:00:00","0:00:00","0.00","0.00","0.00","0.00","104.76","0.00","0.00","4975.04"
"Mattapoisett","10/27/2013","0.00","0.00","0.00","0.00","0.00","4022.38","11/25/2013","237.44","0.00","0.00","0.00","0.00","247.53","0:00:00","0:00:00","0.00","0.00","0.00","0.00","10.09","0.00","0.00","4269.91"
"Maynard","10/27/2013","0.00","0.00","0.00","0.00","0.00","3473.41","11/25/2013","450.71","0.00","0.00","0.00","0.00","469.87","0:00:00","0:00:00","0.00","0.00","0.00","0.00","19.16","0.00","0.00","3943.28"
"Medfield","10/27/2013","0.00","0.00","0.00","0.00","0.00","5680.30","11/25/2013","0.00","666.10","0.00","0.00","0.00","0.00","0:00:00","0:00:00","0.00","0.00","0.00","0.00","0.00","0.00","0.00","5680.30"
"Medford","10/27/2013","0.00","0.00","0.00","0.00","0.00","6738.41","11/26/2013","883.60","0.00","0.00","0.00","0.00","921.15","0:00:00","0:00:00","0.00","0.00","0.00","0.00","37.55","0.00","0.00","7659.56"
"Medway","10/27/2013","0.00","0.00","0.00","0.00","0.00","7095.10","11/26/2013","1103.18","0.00","0.00","0.00","0.00","1150.07","0:00:00","0:00:00","0.00","0.00","0.00","0.00","46.89","0.00","0.00","8245.17"
"Mendon","10/27/2013","0.00","0.00","0.00","0.00","0.00","5737.49","11/26/2013","1548.67","0.00","0.00","0.00","0.00","1614.49","0:00:00","0:00:00","0.00","0.00","0.00","0.00","65.82","0.00","0.00","7351.98"
"Merrimac","10/27/2013","0.00","0.00","0.00","0.00","0.00","4876.79","11/26/2013","1774.57","0.00","0.00","0.00","0.00","1849.99","0:00:00","0:00:00","0.00","0.00","0.00","0.00","75.42","0.00","0.00","6726.78"
"Methuen","10/27/2013","0.00","0.00","0.00","0.00","0.00","4681.79","11/26/2013","2002.57","0.00","0.00","0.00","0.00","2087.68","0:00:00","0:00:00","0.00","0.00","0.00","0.00","85.11","0.00","0.00","6769.47"
"Middleborough","10/27/2013","0.00","0.00","0.00","0.00","0.00","3738.03","11/26/2013","2232.67","0.00","0.00","0.00","0.00","2327.56","0:00:00","0:00:00","0.00","0.00","0.00","0.00","94.89","0.00","0.00","6065.59"
"Middlefield","10/27/2013","0.00","0.00","0.00","0.00","0.00","3118.76","11/26/2013","2464.88","0.00","0.00","0.00","0.00","2569.64","0:00:00","0:00:00","0.00","0.00","0.00","0.00","104.76","0.00","0.00","5688.40"
"Middleton","10/27/2013","0.00","0.00","0.00","0.00","0.00","3720.06","11/27/2013","237.44","0.00","0.00","0.00","0.00","247.53","0:00:00","0:00:00","0.00","0.00","0.00","0.00","10.09","0.00","0.00","3967.59"
"Milford","10/27/2013","0.00","0.00","0.00","0.00","0.00","4323.38","11/27/2013","450.71","0.00","0.00","0.00","0.00","469.87","0:00:00","0:00:00","0.00","0.00","0.00","0.00","19.16","0.00","0.00","4793.25"
"Millbury","10/27/2013","0.00","0.00","0.00","0.00","0.00","5333.32","11/27/2013","0.00","666.10","0.00","0.00","0.00","0.00","0:00:00","0:00:00","0.00","0.00","0.00","0.00","0.00","0.00","0.00","5333.32"
"Millis","10/27/2013","0.00","0.00","0.00","0.00","0.00","6603.50","11/27/2013","883.60","0.00","0.00","0.00","0.00","921.15","0:00:00","0:00:00","0.00","0.00","0.00","0.00","37.55","0.00","0.00","7524.65"
"Millville","10/27/2013","0.00","0.00","0.00","0.00","0.00","6958.32","11/27/2013","1103.18","0.00","0.00","0.00","0.00","1150.07","0:00:00","0:00:00","0.00","0.00","0.00","0.00","46.89","0.00","0.00","8108.39"
"Monroe","10/27/2013","0.00","0.00","0.00","0.00","0.00","5922.46","11/27/2013","1548.67","0.00","0.00","0.00","0.00","1614.49","0:00:00","0:00:00","0.00","0.00","0.00","0.00","65.82","0.00","0.00","7536.95"
"Monson","10/27/2013","0.00","0.00","0.00","0.00","0.00","4408.57","11/27/2013","1774.57","0.00","0.00","0.00","0.00","1849.99","0:00:00","0:00:00","0.00","0.00","0.00","0.00","75.42","0.00","0.00","6258.56"
"Montague","10/27/2013","0.00","0.00","0.00","0.00","0.00","4698.35","11/28/2013","2002.57","0.00","0.00","0.00","0.00","2087.68","0:00:00","0:00:00","0.00","0.00","0.00","0.00","85.11","0.00","0.00","6786.03"
"Montgomery","10/27/2013","0.00","0.00","0.00","0.00","0.00","2878.31","11/28/2013","2464.88","0.00","0.00","0.00","0.00","2569.64","0:00:00","0:00:00","0.00","0.00","0.00","0.00","104.76","0.00","0.00","5447.95"
"Mount Washington","10/27/2013","0.00","0.00","0.00","0.00","0.00","3647.32","11/28/2013","237.44","0.00","0.00","0.00","0.00","247.53","0:00:00","0:00:00","0.00","0.00","0.00","0.00","10.09","0.00","0.00","3894.85"
"Nahant","10/27/2013","0.00","0.00","0.00","0.00","0.00","3601.00","11/28/2013","450.71","0.00","0.00","0.00","0.00","469.87","0:00:00","0:00:00","0.00","0.00","0.00","0.00","19.16","0.00","0.00","4070.87"
"Nantucket","10/27/2013","0.00","0.00","0.00","0.00","0.00","3638.27","11/28/2013","0.00","666.10","0.00","0.00","0.00","0.00","0:00:00","0:00:00","0.00","0.00","0.00","0.00","0.00","0.00","0.00","3638.27"
"Natick","10/27/2013","0.00","0.00","0.00","0.00","0.00","4431.88","11/28/2013","883.60","0.00","0.00","0.00","0.00","921.15","0:00:00","0:00:00","0.00","0.00","0.00","0.00","37.55","0.00","0.00","5353.03"
"Needham","10/27/2013","0.00","0.00","0.00","0.00","0.00","5672.87","11/28/2013","1103.18","0.00","0.00","0.00","0.00","1150.07","0:00:00","0:00:00","0.00","0.00","0.00","0.00","46.89","0.00","0.00","6822.94"
"New Bedford","10/27/2013","0.00","0.00","0.00","0.00","0.00","9477.49","11/29/2013","1548.67","0.00","0.00","0.00","0.00","1614.49","0:00:00","0:00:00","0.00","0.00","0.00","0.00","65.82","0.00","0.00","11091.98"
"New Braintree","10/27/2013","0.00","0.00","0.00","0.00","0.00","5443.76","11/29/2013","1774.57","0.00","0.00","0.00","0.00","1849.99","0:00:00","0:00:00","0.00","0.00","0.00","0.00","75.42","0.00","0.00","7293.75"
"New Marlborough","10/27/2013","0.00","0.00","0.00","0.00","0.00","3881.11","11/29/2013","2002.57","0.00","0.00","0.00","0.00","2087.68","0:00:00","0:00:00","0.00","0.00","0.00","0.00","85.11","0.00","0.00","5968.79"
"New Salem","10/27/2013","0.00","0.00","0.00","0.00","0.00","3861.98","11/29/2013","2232.67","0.00","0.00","0.00","0.00","2327.56","0:00:00","0:00:00","0.00","0.00","0.00","0.00","94.89","0.00","0.00","6189.54"
"Newbury","10/27/2013","0.00","0.00","0.00","0.00","0.00","5285.38","11/29/2013","2464.88","0.00","0.00","0.00","0.00","2569.64","0:00:00","0:00:00","0.00","0.00","0.00","0.00","104.76","0.00","0.00","7855.02"
"Newburyport","10/27/2013","0.00","0.00","0.00","0.00","0.00","7178.52","11/29/2013","237.44","0.00","0.00","0.00","0.00","247.53","0:00:00","0:00:00","0.00","0.00","0.00","0.00","10.09","0.00","0.00","7426.05"
"Newton","10/27/2013","0.00","0.00","0.00","0.00","0.00","10038.64","11/29/2013","450.71","0.00","0.00","0.00","0.00","469.87","0:00:00","0:00:00","0.00","0.00","0.00","0.00","19.16","0.00","0.00","10508.51"
"Norfolk","10/27/2013","0.00","0.00","0.00","0.00","0.00","7547.25","11/30/2013","0.00","666.10","0.00","0.00","0.00","0.00","0:00:00","0:00:00","0.00","0.00","0.00","0.00","0.00","0.00","0.00","7547.25"
"North.Adams","10/27/2013","0.00","0.00","0.00","0.00","0.00","3919.83","11/30/2013","883.60","0.00","0.00","0.00","0.00","921.15","0:00:00","0:00:00","0.00","0.00","0.00","0.00","37.55","0.00","0.00","4840.98"
"North.Andover","10/27/2013","0.00","0.00","0.00","0.00","0.00","9665.05","11/30/2013","1103.18","0.00","0.00","0.00","0.00","1150.07","0:00:00","0:00:00","0.00","0.00","0.00","0.00","46.89","0.00","0.00","10815.12"
"North.Brookfield","10/27/2013","0.00","0.00","0.00","0.00","0.00","6273.05","11/30/2013","1548.67","0.00","0.00","0.00","0.00","1614.49","0:00:00","0:00:00","0.00","0.00","0.00","0.00","65.82","0.00","0.00","7887.54"
"North.Reading","10/27/2013","0.00","0.00","0.00","0.00","0.00","4289.38","11/30/2013","1774.57","0.00","0.00","0.00","0.00","1849.99","0:00:00","0:00:00","0.00","0.00","0.00","0.00","75.42","0.00","0.00","6139.37"
"Northampton","10/27/2013","0.00","0.00","0.00","0.00","0.00","2764.25","11/30/2013","2002.57","0.00","0.00","0.00","0.00","2087.68","0:00:00","0:00:00","0.00","0.00","0.00","0.00","85.11","0.00","0.00","4851.93"
"Northborough","10/27/2013","0.00","0.00","0.00","0.00","0.00","4287.25","11/30/2013","2232.67","0.00","0.00","0.00","0.00","2327.56","0:00:00","0:00:00","0.00","0.00","0.00","0.00","94.89","0.00","0.00","6614.81"
"Northbridge","10/27/2013","0.00","0.00","0.00","0.00","0.00","3611.54","12/01/2013","2464.88","0.00","0.00","0.00","0.00","2569.64","0:00:00","0:00:00","0.00","0.00","0.00","0.00","104.76","0.00","0.00","6181.18"
"Northfield","10/27/2013","0.00","0.00","0.00","0.00","0.00","3577.19","12/01/2013","237.44","0.00","0.00","0.00","0.00","247.53","0:00:00","0:00:00","0.00","0.00","0.00","0.00","10.09","0.00","0.00","3824.72"
"Norwell","10/27/2013","0.00","0.00","0.00","0.00","0.00","6405.13","12/01/2013","0.00","666.10","0.00","0.00","0.00","0.00","0:00:00","0:00:00","0.00","0.00","0.00","0.00","0.00","0.00","0.00","6405.13"
"Norwood","10/27/2013","0.00","0.00","0.00","0.00","0.00","9737.69","12/01/2013","883.60","0.00","0.00","0.00","0.00","921.15","0:00:00","0:00:00","0.00","0.00","0.00","0.00","37.55","0.00","0.00","10658.84"
"Oak Bluffs","10/27/2013","0.00","0.00","0.00","0.00","0.00","6068.76","12/01/2013","1103.18","0.00","0.00","0.00","0.00","1150.07","0:00:00","0:00:00","0.00","0.00","0.00","0.00","46.89","0.00","0.00","7218.83"
"Orange","10/27/2013","0.00","0.00","0.00","0.00","0.00","5416.54","12/01/2013","1548.67","0.00","0.00","0.00","0.00","1614.49","0:00:00","0:00:00","0.00","0.00","0.00","0.00","65.82","0.00","0.00","7031.03"
"Orleans","10/27/2013","0.00","0.00","0.00","0.00","0.00","4146.72","12/02/2013","1774.57","0.00","0.00","0.00","0.00","1849.99","0:00:00","0:00:00","0.00","0.00","0.00","0.00","75.42","0.00","0.00","5996.71"
"Otis","10/27/2013","0.00","0.00","0.00","0.00","0.00","4544.34","12/02/2013","2002.57","0.00","0.00","0.00","0.00","2087.68","0:00:00","0:00:00","0.00","0.00","0.00","0.00","85.11","0.00","0.00","6632.02"
"Oxford","10/27/2013","0.00","0.00","0.00","0.00","0.00","3624.45","12/02/2013","2232.67","0.00","0.00","0.00","0.00","2327.56","0:00:00","0:00:00","0.00","0.00","0.00","0.00","94.89","0.00","0.00","5952.01"
"Palmer","10/27/2013","0.00","0.00","0.00","0.00","0.00","3047.77","12/02/2013","2464.88","0.00","0.00","0.00","0.00","2569.64","0:00:00","0:00:00","0.00","0.00","0.00","0.00","104.76","0.00","0.00","5617.41"
"Paxton","10/27/2013","0.00","0.00","0.00","0.00","0.00","3751.92","12/02/2013","237.44","0.00","0.00","0.00","0.00","247.53","0:00:00","0:00:00","0.00","0.00","0.00","0.00","10.09","0.00","0.00","3999.45"
"Peabody","10/27/2013","0.00","0.00","0.00","0.00","0.00","5412.54","12/02/2013","540.85","0.00","0.00","0.00","0.00","563.84","0:00:00","0:00:00","0.00","0.00","0.00","0.00","22.99","0.00","0.00","5976.38"
"Pelham","10/27/2013","0.00","0.00","0.00","0.00","0.00","5624.39","12/02/2013","0.00","666.10","0.00","0.00","0.00","0.00","0:00:00","0:00:00","0.00","0.00","0.00","0.00","0.00","0.00","0.00","5624.39"
"Pembroke","10/27/2013","0.00","0.00","0.00","0.00","0.00","6595.89","12/02/2013","883.60","0.00","0.00","0.00","0.00","921.15","0:00:00","0:00:00","0.00","0.00","0.00","0.00","37.55","0.00","0.00","7517.04"
"Pepperell","10/27/2013","0.00","0.00","0.00","0.00","0.00","6981.82","12/03/2013","1103.18","0.00","0.00","0.00","0.00","1150.07","0:00:00","0:00:00","0.00","0.00","0.00","0.00","46.89","0.00","0.00","8131.89"
"Petersham","10/27/2013","0.00","0.00","0.00","0.00","0.00","5641.27","12/03/2013","1548.67","0.00","0.00","0.00","0.00","1614.49","0:00:00","0:00:00","0.00","0.00","0.00","0.00","65.82","0.00","0.00","7255.76"
"Phillipston","10/27/2013","0.00","0.00","0.00","0.00","0.00","4815.42","12/03/2013","1774.57","0.00","0.00","0.00","0.00","1849.99","0:00:00","0:00:00","0.00","0.00","0.00","0.00","75.42","0.00","0.00","6665.41"
"Pittsfield","10/27/2013","0.00","0.00","0.00","0.00","0.00","4930.72","12/03/2013","2002.57","0.00","0.00","0.00","0.00","2087.68","0:00:00","0:00:00","0.00","0.00","0.00","0.00","85.11","0.00","0.00","7018.40"
"Plainfield","10/27/2013","0.00","0.00","0.00","0.00","0.00","3837.48","12/03/2013","2232.67","0.00","0.00","0.00","0.00","2327.56","0:00:00","0:00:00","0.00","0.00","0.00","0.00","94.89","0.00","0.00","6165.04"
"Plainville","10/27/2013","0.00","0.00","0.00","0.00","0.00","3263.94","12/03/2013","2464.88","0.00","0.00","0.00","0.00","2569.64","0:00:00","0:00:00","0.00","0.00","0.00","0.00","104.76","0.00","0.00","5833.58"
"Plymouth","10/27/2013","0.00","0.00","0.00","0.00","0.00","3950.25","12/03/2013","237.44","0.00","0.00","0.00","0.00","247.53","0:00:00","0:00:00","0.00","0.00","0.00","0.00","10.09","0.00","0.00","4197.78"
"Plympton","10/27/2013","0.00","0.00","0.00","0.00","0.00","4696.49","12/04/2013","450.71","0.00","0.00","0.00","0.00","469.87","0:00:00","0:00:00","0.00","0.00","0.00","0.00","19.16","0.00","0.00","5166.36"
"Princeton","10/27/2013","0.00","0.00","0.00","0.00","0.00","5461.24","12/04/2013","0.00","666.10","0.00","0.00","0.00","0.00","0:00:00","0:00:00","0.00","0.00","0.00","0.00","0.00","0.00","0.00","5461.24"
"Provincetown","10/27/2013","0.00","0.00","0.00","0.00","0.00","6724.89","12/04/2013","883.60","0.00","0.00","0.00","0.00","921.15","0:00:00","0:00:00","0.00","0.00","0.00","0.00","37.55","0.00","0.00","7646.04"
"Raynham","10/27/2013","0.00","0.00","0.00","0.00","0.00","4893.04","12/04/2013","1548.67","0.00","0.00","0.00","0.00","1614.49","0:00:00","0:00:00","0.00","0.00","0.00","0.00","65.82","0.00","0.00","6507.53"
"Reading","10/27/2013","0.00","0.00","0.00","0.00","0.00","3125.71","12/04/2013","1774.57","0.00","0.00","0.00","0.00","1849.99","0:00:00","0:00:00","0.00","0.00","0.00","0.00","75.42","0.00","0.00","4975.70"
"Rehoboth","10/27/2013","0.00","0.00","0.00","0.00","0.00","4106.28","12/04/2013","2002.57","0.00","0.00","0.00","0.00","2087.68","0:00:00","0:00:00","0.00","0.00","0.00","0.00","85.11","0.00","0.00","6193.96"
"Revere","10/27/2013","0.00","0.00","0.00","0.00","0.00","2670.37","12/05/2013","2232.67","0.00","0.00","0.00","0.00","2327.56","0:00:00","0:00:00","0.00","0.00","0.00","0.00","94.89","0.00","0.00","4997.93"
"Richmond","10/27/2013","0.00","0.00","0.00","0.00","0.00","2981.28","12/05/2013","2464.88","0.00","0.00","0.00","0.00","2569.64","0:00:00","0:00:00","0.00","0.00","0.00","0.00","104.76","0.00","0.00","5550.92"
"Rochester","10/27/2013","0.00","0.00","0.00","0.00","0.00","3033.59","12/05/2013","237.44","0.00","0.00","0.00","0.00","247.53","0:00:00","0:00:00","0.00","0.00","0.00","0.00","10.09","0.00","0.00","3281.12"
"Rockland","10/27/2013","0.00","0.00","0.00","0.00","0.00","3925.18","12/05/2013","450.71","0.00","0.00","0.00","0.00","469.87","0:00:00","0:00:00","0.00","0.00","0.00","0.00","19.16","0.00","0.00","4395.05"
"Rockport","10/27/2013","0.00","0.00","0.00","0.00","0.00","5176.89","12/05/2013","0.00","666.10","0.00","0.00","0.00","0.00","0:00:00","0:00:00","0.00","0.00","0.00","0.00","0.00","0.00","0.00","5176.89"
"Rowe","10/27/2013","0.00","0.00","0.00","0.00","0.00","6445.75","12/05/2013","883.60","0.00","0.00","0.00","0.00","921.15","0:00:00","0:00:00","0.00","0.00","0.00","0.00","37.55","0.00","0.00","7366.90"
"Rowley","10/27/2013","0.00","0.00","0.00","0.00","0.00","6762.88","12/05/2013","1103.18","0.00","0.00","0.00","0.00","1150.07","0:00:00","0:00:00","0.00","0.00","0.00","0.00","46.89","0.00","0.00","7912.95"
"Russell","10/27/2013","0.00","0.00","0.00","0.00","0.00","5517.53","12/06/2013","1548.67","0.00","0.00","0.00","0.00","1614.49","0:00:00","0:00:00","0.00","0.00","0.00","0.00","65.82","0.00","0.00","7132.02"
"Rutland","10/27/2013","0.00","0.00","0.00","0.00","0.00","4295.75","12/06/2013","1774.57","0.00","0.00","0.00","0.00","1849.99","0:00:00","0:00:00","0.00","0.00","0.00","0.00","75.42","0.00","0.00","6145.74"
"Salem","10/27/2013","0.00","0.00","0.00","0.00","0.00","4541.42","12/06/2013","2002.57","0.00","0.00","0.00","0.00","2087.68","0:00:00","0:00:00","0.00","0.00","0.00","0.00","85.11","0.00","0.00","6629.10"
"Salisbury","10/27/2013","0.00","0.00","0.00","0.00","0.00","3572.80","12/06/2013","2232.67","0.00","0.00","0.00","0.00","2327.56","0:00:00","0:00:00","0.00","0.00","0.00","0.00","94.89","0.00","0.00","5900.36"
"Sandisfield","10/27/2013","0.00","0.00","0.00","0.00","0.00","3331.22","12/06/2013","2464.88","0.00","0.00","0.00","0.00","2569.64","0:00:00","0:00:00","0.00","0.00","0.00","0.00","104.76","0.00","0.00","5900.86"
"Sandwich","10/27/2013","0.00","0.00","0.00","0.00","0.00","9100.30","12/06/2013","237.44","0.00","0.00","0.00","0.00","247.53","0:00:00","0:00:00","0.00","0.00","0.00","0.00","10.09","0.00","0.00","9347.83"
"Saugus","10/27/2013","0.00","0.00","0.00","0.00","0.00","8777.60","12/06/2013","563.38","0.00","0.00","0.00","0.00","587.32","0:00:00","0:00:00","0.00","0.00","0.00","0.00","23.94","0.00","0.00","9364.92"
"Savoy","10/27/2013","0.00","0.00","0.00","0.00","0.00","4677.84","12/06/2013","0.00","666.10","0.00","0.00","0.00","0.00","0:00:00","0:00:00","0.00","0.00","0.00","0.00","0.00","0.00","0.00","4677.84"
"Scituate","10/27/2013","0.00","0.00","0.00","0.00","0.00","9342.14","12/07/2013","883.60","0.00","0.00","0.00","0.00","921.15","0:00:00","0:00:00","0.00","0.00","0.00","0.00","37.55","0.00","0.00","10263.29"
"Seekonk","10/27/2013","0.00","0.00","0.00","0.00","0.00","14300.09","12/07/2013","1103.18","0.00","0.00","0.00","0.00","1150.07","0:00:00","0:00:00","0.00","0.00","0.00","0.00","46.89","0.00","0.00","15450.16"
"Sheffield","10/27/2013","0.00","0.00","0.00","0.00","0.00","5038.45","12/07/2013","1548.67","0.00","0.00","0.00","0.00","1614.49","0:00:00","0:00:00","0.00","0.00","0.00","0.00","65.82","0.00","0.00","6652.94"
"Sherborn","10/27/2013","0.00","0.00","0.00","0.00","0.00","4034.74","12/07/2013","2002.57","0.00","0.00","0.00","0.00","2087.68","0:00:00","0:00:00","0.00","0.00","0.00","0.00","85.11","0.00","0.00","6122.42"
"Shirley","10/27/2013","0.00","0.00","0.00","0.00","0.00","3922.05","12/07/2013","2232.67","0.00","0.00","0.00","0.00","2327.56","0:00:00","0:00:00","0.00","0.00","0.00","0.00","94.89","0.00","0.00","6249.61"
"Shrewsbury","10/27/2013","0.00","0.00","0.00","0.00","0.00","3330.45","12/07/2013","2464.88","0.00","0.00","0.00","0.00","2569.64","0:00:00","0:00:00","0.00","0.00","0.00","0.00","104.76","0.00","0.00","5900.09"
"Shutesbury","10/27/2013","0.00","0.00","0.00","0.00","0.00","799.94","12/08/2013","237.44","0.00","0.00","0.00","0.00","247.53","0:00:00","0:00:00","0.00","0.00","0.00","0.00","10.09","0.00","0.00","1047.47"
"Somerset","10/27/2013","0.00","0.00","0.00","0.00","0.00","9388.65","12/08/2013","450.71","0.00","0.00","0.00","0.00","469.87","0:00:00","0:00:00","0.00","0.00","0.00","0.00","19.16","0.00","0.00","9858.52"
"Somerville","10/27/2013","0.00","0.00","0.00","0.00","0.00","5057.55","12/08/2013","0.00","666.10","0.00","0.00","0.00","0.00","0:00:00","0:00:00","0.00","0.00","0.00","0.00","0.00","0.00","0.00","5057.55"
"South.Hadley","10/27/2013","0.00","0.00","0.00","0.00","0.00","5263.55","12/08/2013","883.60","0.00","0.00","0.00","0.00","921.15","0:00:00","0:00:00","0.00","0.00","0.00","0.00","37.55","0.00","0.00","6184.70"
"Southampton","10/27/2013","0.00","0.00","0.00","0.00","0.00","4965.68","12/08/2013","1103.18","0.00","0.00","0.00","0.00","1150.07","0:00:00","0:00:00","0.00","0.00","0.00","0.00","46.89","0.00","0.00","6115.75"
"Southbridge","10/27/2013","0.00","0.00","0.00","0.00","0.00","6500.54","12/08/2013","1548.67","0.00","0.00","0.00","0.00","1614.49","0:00:00","0:00:00","0.00","0.00","0.00","0.00","65.82","0.00","0.00","8115.03"
"Southwick","10/27/2013","0.00","0.00","0.00","0.00","0.00","3040.08","12/08/2013","1774.57","0.00","0.00","0.00","0.00","1849.99","0:00:00","0:00:00","0.00","0.00","0.00","0.00","75.42","0.00","0.00","4890.07"
"Spencer","10/27/2013","0.00","0.00","0.00","0.00","0.00","5979.27","12/09/2013","2002.57","0.00","0.00","0.00","0.00","2087.68","0:00:00","0:00:00","0.00","0.00","0.00","0.00","85.11","0.00","0.00","8066.95"
"Springfield","10/27/2013","0.00","0.00","0.00","0.00","0.00","3508.46","12/09/2013","2232.67","0.00","0.00","0.00","0.00","2327.56","0:00:00","0:00:00","0.00","0.00","0.00","0.00","94.89","0.00","0.00","5836.02"
"Sterling","10/27/2013","0.00","0.00","0.00","0.00","0.00","2955.27","12/09/2013","2464.88","0.00","0.00","0.00","0.00","2569.64","0:00:00","0:00:00","0.00","0.00","0.00","0.00","104.76","0.00","0.00","5524.91"
"Stockbridge","10/27/2013","0.00","0.00","0.00","0.00","0.00","3636.03","12/09/2013","237.44","0.00","0.00","0.00","0.00","247.53","0:00:00","0:00:00","0.00","0.00","0.00","0.00","10.09","0.00","0.00","3883.56"
"Stoneham","10/27/2013","0.00","0.00","0.00","0.00","0.00","4003.37","12/09/2013","450.71","0.00","0.00","0.00","0.00","469.87","0:00:00","0:00:00","0.00","0.00","0.00","0.00","19.16","0.00","0.00","4473.24"
"Stoughton","10/27/2013","0.00","0.00","0.00","0.00","0.00","5535.64","12/09/2013","0.00","666.10","0.00","0.00","0.00","0.00","0:00:00","0:00:00","0.00","0.00","0.00","0.00","0.00","0.00","0.00","5535.64"
"Stow","10/27/2013","0.00","0.00","0.00","0.00","0.00","6472.10","12/09/2013","883.60","0.00","0.00","0.00","0.00","921.15","0:00:00","0:00:00","0.00","0.00","0.00","0.00","37.55","0.00","0.00","7393.25"
"Sturbridge","10/27/2013","0.00","0.00","0.00","0.00","0.00","6855.43","12/09/2013","1103.18","0.00","0.00","0.00","0.00","1150.07","0:00:00","0:00:00","0.00","0.00","0.00","0.00","46.89","0.00","0.00","8005.50"
"Sunderland","10/27/2013","0.00","0.00","0.00","0.00","0.00","5527.67","12/10/2013","1548.67","0.00","0.00","0.00","0.00","1614.49","0:00:00","0:00:00","0.00","0.00","0.00","0.00","65.82","0.00","0.00","7142.16"
"Sutton","10/27/2013","0.00","0.00","0.00","0.00","0.00","4753.52","12/10/2013","1774.57","0.00","0.00","0.00","0.00","1849.99","0:00:00","0:00:00","0.00","0.00","0.00","0.00","75.42","0.00","0.00","6603.51"
"Swampscott","10/27/2013","0.00","0.00","0.00","0.00","0.00","4556.22","12/10/2013","2002.57","0.00","0.00","0.00","0.00","2087.68","0:00:00","0:00:00","0.00","0.00","0.00","0.00","85.11","0.00","0.00","6643.90"
"Swansea","10/27/2013","0.00","0.00","0.00","0.00","0.00","3485.74","12/10/2013","2232.67","0.00","0.00","0.00","0.00","2327.56","0:00:00","0:00:00","0.00","0.00","0.00","0.00","94.89","0.00","0.00","5813.30"
"Templeton","10/27/2013","0.00","0.00","0.00","0.00","0.00","3147.13","12/10/2013","237.44","0.00","0.00","0.00","0.00","247.53","0:00:00","0:00:00","0.00","0.00","0.00","0.00","10.09","0.00","0.00","3394.66"
"Tewksbury","10/27/2013","0.00","0.00","0.00","0.00","0.00","3705.59","12/10/2013","450.71","666.10","0.00","0.00","0.00","469.87","0:00:00","0:00:00","0.00","0.00","0.00","0.00","19.16","0.00","0.00","4175.46"
"Tisbury","10/27/2013","0.00","0.00","0.00","0.00","0.00","4232.62","12/11/2013","883.60","666.10","0.00","0.00","0.00","921.15","0:00:00","0:00:00","0.00","0.00","0.00","0.00","37.55","0.00","0.00","5153.77"
"Tolland","10/27/2013","0.00","0.00","0.00","0.00","(11.04)","3419.75","12/11/2013","1986.78","0.00","0.00","0.00","0.00","2071.22","0:00:00","0:00:00","0.00","0.00","0.00","(11.04)","84.44","0.00","0.00","5479.93"
"Topsfield","10/27/2013","0.00","0.00","0.00","0.00","0.00","4450.39","12/11/2013","1103.18","1324.88","0.00","0.00","0.00","1150.07","0:00:00","0:00:00","0.00","0.00","0.00","0.00","46.89","0.00","0.00","5600.46"
"Townsend","10/27/2013","0.00","0.00","0.00","0.00","0.00","6338.13","12/11/2013","1548.67","1324.88","0.00","0.00","0.00","1614.49","0:00:00","0:00:00","0.00","0.00","0.00","0.00","65.82","0.00","0.00","7952.62"
"Truro","10/27/2013","0.00","0.00","0.00","0.00","0.00","3715.54","12/11/2013","3323.24","0.00","0.00","0.00","0.00","3464.48","0:00:00","0:00:00","0.00","0.00","0.00","0.00","141.24","0.00","0.00","7180.02"
"Tyngsborough","10/27/2013","0.00","0.00","0.00","0.00","0.00","2113.05","12/11/2013","3777.14","0.00","0.00","0.00","0.00","3937.67","0:00:00","0:00:00","0.00","0.00","0.00","0.00","160.53","0.00","0.00","6050.72"
"Tyringham","10/27/2013","0.00","0.00","0.00","0.00","0.00","2143.55","12/11/2013","4235.24","0.00","0.00","0.00","0.00","4415.24","0:00:00","0:00:00","0.00","0.00","0.00","0.00","180.00","0.00","0.00","6558.79"
"Upton","10/27/2013","0.00","0.00","0.00","0.00","(21.29)","924.32","12/11/2013","4697.55","0.00","0.00","0.00","0.00","4897.20","0:00:00","0:00:00","0.00","0.00","0.00","(21.29)","199.65","0.00","0.00","5800.23"
"Uxbridge","10/27/2013","0.00","0.00","0.00","0.00","0.00","2619.79","12/12/2013","2702.32","0.00","0.00","0.00","0.00","2817.17","0:00:00","0:00:00","0.00","0.00","0.00","0.00","114.85","0.00","0.00","5436.96"
"Wakefield","10/27/2013","0.00","0.00","0.00","0.00","0.00","3395.39","12/12/2013","688.15","0.00","0.00","0.00","0.00","717.40","0:00:00","0:00:00","0.00","0.00","0.00","0.00","29.25","0.00","0.00","4112.79"
"Walpole","06/27/2013","441.29","530.76","63.92","0.00","(407.08)","4028.89","12/12/2013","883.60","666.10","307.99","0.00","(8.08)","1752.00","4:12:00","5:12:00","17.65","0.00","0.00","(415.16)","37.55","0.00","0.00","5365.73"
"Waltham","10/27/2013","0.00","0.00","0.00","0.00","0.00","6333.38","12/12/2013","1986.78","0.00","0.00","0.00","0.00","2071.22","0:00:00","0:00:00","0.00","0.00","0.00","0.00","84.44","0.00","0.00","8404.60"
"Ware","10/27/2013","0.00","0.00","0.00","0.00","0.00","6934.90","12/12/2013","1103.18","1324.88","0.00","0.00","0.00","1150.07","0:00:00","0:00:00","0.00","0.00","0.00","0.00","46.89","0.00","0.00","8084.97"
"Wareham","10/27/2013","0.00","0.00","0.00","0.00","0.00","7072.44","12/12/2013","1548.67","1324.88","0.00","0.00","0.00","1614.49","0:00:00","0:00:00","0.00","0.00","0.00","0.00","65.82","0.00","0.00","8686.93"
"Warren","10/27/2013","0.00","0.00","0.00","0.00","0.00","3874.63","12/12/2013","3323.24","0.00","0.00","0.00","0.00","3464.48","0:00:00","0:00:00","0.00","0.00","0.00","0.00","141.24","0.00","0.00","7339.11"
"Warwick","10/27/2013","0.00","0.00","0.00","0.00","0.00","2437.24","12/13/2013","3777.14","0.00","0.00","0.00","0.00","3937.67","0:00:00","0:00:00","0.00","0.00","0.00","0.00","160.53","0.00","0.00","6374.91"
"Washington","10/27/2013","0.00","0.00","0.00","0.00","0.00","2423.81","12/13/2013","4235.24","0.00","0.00","0.00","0.00","4415.24","0:00:00","0:00:00","0.00","0.00","0.00","0.00","180.00","0.00","0.00","6839.05"
"Watertown","10/27/2013","0.00","0.00","0.00","0.00","0.00","1214.39","12/13/2013","4697.55","0.00","0.00","0.00","0.00","4897.20","0:00:00","0:00:00","0.00","0.00","0.00","0.00","199.65","0.00","0.00","6111.59"
"Wayland","10/27/2013","0.00","0.00","0.00","0.00","(12.74)","3004.90","12/13/2013","2702.32","0.00","0.00","0.00","0.00","2817.17","0:00:00","0:00:00","0.00","0.00","0.00","(12.74)","114.85","0.00","0.00","5809.33"
"Webster","10/27/2013","0.00","0.00","0.00","0.00","0.00","2976.39","12/13/2013","688.15","0.00","0.00","0.00","0.00","717.40","0:00:00","0:00:00","0.00","0.00","0.00","0.00","29.25","0.00","0.00","3693.79"
"Wellesley","10/27/2013","0.00","0.00","0.00","0.00","0.00","3817.32","12/13/2013","450.71","666.10","0.00","0.00","0.00","469.87","0:00:00","0:00:00","0.00","0.00","0.00","0.00","19.16","0.00","0.00","4287.19"
"Wellfleet","10/27/2013","0.00","0.00","0.00","0.00","0.00","4124.36","10/30/2013","883.60","0.00","0.00","0.00","0.00","921.15","0:00:00","0:00:00","0.00","0.00","0.00","0.00","37.55","0.00","0.00","5045.51"
"Wendell","10/27/2013","0.00","0.00","0.00","0.00","0.00","5156.65","12/13/2013","883.60","0.00","0.00","0.00","0.00","921.15","0:00:00","0:00:00","0.00","0.00","0.00","0.00","37.55","0.00","0.00","6077.80"
"Wenham","10/27/2013","0.00","0.00","0.00","0.00","0.00","6293.28","12/14/2013","1103.18","1324.88","0.00","0.00","0.00","1150.07","0:00:00","0:00:00","0.00","0.00","0.00","0.00","46.89","0.00","0.00","7443.35"
"West.Boylston","10/27/2013","0.00","0.00","0.00","0.00","(25.09)","3167.00","12/14/2013","1548.67","1324.88","0.00","0.00","0.00","1614.49","0:00:00","0:00:00","0.00","0.00","0.00","(25.09)","65.82","0.00","0.00","4756.40"
"West.Bridgewater","10/27/2013","0.00","0.00","0.00","0.00","0.00","3087.20","12/14/2013","3323.24","0.00","0.00","0.00","0.00","3464.48","0:00:00","0:00:00","0.00","0.00","0.00","0.00","141.24","0.00","0.00","6551.68"
"West.Brookfield","10/27/2013","0.00","0.00","0.00","0.00","0.00","2806.63","12/14/2013","3777.14","0.00","0.00","0.00","0.00","3937.67","0:00:00","0:00:00","0.00","0.00","0.00","0.00","160.53","0.00","0.00","6744.30"
"West.Newbury","10/27/2013","0.00","0.00","0.00","0.00","0.00","3679.88","12/14/2013","4235.24","0.00","0.00","0.00","0.00","4415.24","0:00:00","0:00:00","0.00","0.00","0.00","0.00","180.00","0.00","0.00","8095.12"
"West.Springfield","10/27/2013","0.00","0.00","0.00","0.00","0.00","803.91","12/14/2013","4697.55","0.00","0.00","0.00","0.00","4897.20","0:00:00","0:00:00","0.00","0.00","0.00","0.00","199.65","0.00","0.00","5701.11"
"West.Stockbridge","10/27/2013","0.00","0.00","0.00","0.00","0.00","2259.06","12/14/2013","2702.32","0.00","0.00","0.00","0.00","2817.17","0:00:00","0:00:00","0.00","0.00","0.00","0.00","114.85","0.00","0.00","5076.23"
"West.Tisbury","10/27/2013","0.00","0.00","0.00","0.00","(419.77)","6669.28","12/14/2013","688.15","0.00","0.00","0.00","0.00","717.40","0:00:00","0:00:00","0.00","0.00","0.00","(419.77)","29.25","0.00","0.00","6966.91"
"Westborough","10/27/2013","0.00","0.00","0.00","0.00","0.00","5358.33","12/15/2013","450.71","666.10","0.00","0.00","0.00","469.87","0:00:00","0:00:00","0.00","0.00","0.00","0.00","19.16","0.00","0.00","5828.20"
"Westfield","10/27/2013","0.00","0.00","0.00","0.00","0.00","3154.87","12/15/2013","883.60","666.10","0.00","0.00","0.00","921.15","0:00:00","0:00:00","0.00","0.00","0.00","0.00","37.55","0.00","0.00","4076.02"
"Westford","10/27/2013","0.00","0.00","0.00","0.00","0.00","7602.41","12/15/2013","1986.78","0.00","0.00","0.00","0.00","2071.22","0:00:00","0:00:00","0.00","0.00","0.00","0.00","84.44","0.00","0.00","9673.63"
"Westhampton","10/27/2013","0.00","0.00","0.00","0.00","0.00","3983.71","12/15/2013","1103.18","1324.88","0.00","0.00","0.00","1150.07","0:00:00","0:00:00","0.00","0.00","0.00","0.00","46.89","0.00","0.00","5133.78"
"Westminster","10/27/2013","0.00","0.00","0.00","0.00","0.00","6555.67","12/15/2013","1548.67","1324.88","0.00","0.00","0.00","1614.49","0:00:00","0:00:00","0.00","0.00","0.00","0.00","65.82","0.00","0.00","8170.16"
"Weston","10/27/2013","0.00","0.00","0.00","0.00","0.00","6619.66","12/15/2013","3323.24","0.00","0.00","0.00","0.00","3464.48","0:00:00","0:00:00","0.00","0.00","0.00","0.00","141.24","0.00","0.00","10084.14"
"Westport","10/27/2013","0.00","0.00","0.00","0.00","0.00","7351.60","12/15/2013","3777.14","0.00","0.00","0.00","0.00","3937.67","0:00:00","0:00:00","0.00","0.00","0.00","0.00","160.53","0.00","0.00","11289.27"
"Westwood","10/27/2013","0.00","0.00","0.00","0.00","0.00","6174.74","12/15/2013","4235.24","0.00","0.00","0.00","0.00","4415.24","0:00:00","0:00:00","0.00","0.00","0.00","0.00","180.00","0.00","0.00","10589.98"
"Weymouth","10/27/2013","0.00","0.00","0.00","0.00","0.00","2225.30","12/16/2013","4697.55","0.00","0.00","0.00","0.00","4897.20","0:00:00","0:00:00","0.00","0.00","0.00","0.00","199.65","0.00","0.00","7122.50"
"Whately","10/27/2013","0.00","0.00","0.00","0.00","0.00","1754.21","12/16/2013","2702.32","0.00","0.00","0.00","0.00","2817.17","0:00:00","0:00:00","0.00","0.00","0.00","0.00","114.85","0.00","0.00","4571.38"
"Whitman","10/27/2013","0.00","0.00","0.00","0.00","0.00","8017.26","12/16/2013","688.15","0.00","0.00","0.00","0.00","717.40","0:00:00","0:00:00","0.00","0.00","0.00","0.00","29.25","0.00","0.00","8734.66"
"Wilbraham","10/27/2013","0.00","0.00","0.00","0.00","(16.93)","1986.34","12/16/2013","450.71","666.10","0.00","0.00","0.00","469.87","0:00:00","0:00:00","0.00","0.00","0.00","(16.93)","19.16","0.00","0.00","2439.28"
"Williamsburg","10/27/2013","0.00","0.00","0.00","0.00","0.00","3655.96","12/16/2013","883.60","666.10","0.00","0.00","0.00","921.15","0:00:00","0:00:00","0.00","0.00","0.00","0.00","37.55","0.00","0.00","4577.11"
"Williamstown","10/27/2013","0.00","0.00","0.00","0.00","0.00","5552.11","12/16/2013","1986.78","0.00","0.00","0.00","0.00","2071.22","0:00:00","0:00:00","0.00","0.00","0.00","0.00","84.44","0.00","0.00","7623.33"
"Wilmington","10/27/2013","0.00","0.00","0.00","0.00","0.00","7099.20","12/16/2013","1103.18","1324.88","0.00","0.00","0.00","1150.07","0:00:00","0:00:00","0.00","0.00","0.00","0.00","46.89","0.00","0.00","8249.27"
"Winchendon","10/27/2013","0.00","0.00","0.00","0.00","0.00","6746.98","11/03/2013","1548.67","0.00","0.00","0.00","0.00","1614.49","0:00:00","0:00:00","0.00","0.00","0.00","0.00","65.82","0.00","0.00","8361.47"
"Winchester","10/27/2013","0.00","0.00","0.00","0.00","0.00","3914.03","12/17/2013","1548.67","0.00","0.00","0.00","0.00","1614.49","0:00:00","0:00:00","0.00","0.00","0.00","0.00","65.82","0.00","0.00","5528.52"
"Windsor","10/27/2013","0.00","0.00","0.00","0.00","(12.98)","2947.68","12/17/2013","3777.14","0.00","0.00","0.00","0.00","3937.67","0:00:00","0:00:00","0.00","0.00","0.00","(12.98)","160.53","0.00","0.00","6872.37"
"Winthrop","10/27/2013","0.00","0.00","0.00","0.00","0.00","2340.77","12/17/2013","4235.24","0.00","0.00","0.00","0.00","4415.24","0:00:00","0:00:00","0.00","0.00","0.00","0.00","180.00","0.00","0.00","6756.01"
"Woburn","10/27/2013","0.00","0.00","0.00","0.00","0.00","1161.39","12/17/2013","4697.55","0.00","0.00","0.00","0.00","4897.20","0:00:00","0:00:00","0.00","0.00","0.00","0.00","199.65","0.00","0.00","6058.59"
"Worcester","10/27/2013","0.00","0.00","0.00","0.00","0.00","1759.95","12/17/2013","2702.32","0.00","0.00","0.00","0.00","2817.17","0:00:00","0:00:00","0.00","0.00","0.00","0.00","114.85","0.00","0.00","4577.12"
"Worthington","10/27/2013","0.00","0.00","0.00","0.00","0.00","2569.97","12/17/2013","688.15","0.00","0.00","0.00","0.00","717.40","0:00:00","0:00:00","0.00","0.00","0.00","0.00","29.25","0.00","0.00","3287.37"
"Wrentham","10/27/2013","0.00","0.00","0.00","0.00","0.00","3253.14","12/17/2013","450.71","666.10","0.00","0.00","0.00","469.87","0:00:00","0:00:00","0.00","0.00","0.00","0.00","19.16","0.00","0.00","3723.01"
"Yarmouth","10/27/2013","0.00","0.00","0.00","0.00","(8.28)","4090.74","12/17/2013","883.60","666.10","0.00","0.00","0.00","921.15","0:00:00","0:00:00","0.00","0.00","0.00","(8.28)","37.55","0.00","0.00","5003.61"
