"Abington","06/27/2013","734.47","0.00","0.00","0.00","(126.12)","6358.28","11/04/2013","1103.18","1324.88","1.99","0.00","(6.06)","2014.05","7:12:00","0:00:00","88.91","0.00","0.00","(132.18)","85.50","0.00","0.00","8240.15"
"Acton","06/27/2013","861.16","0.00","0.00","0.00","(127.12)","5871.39","11/04/2013","1548.67","1324.88","2.99","0.00","(6.06)","2600.01","8:12:00","0:00:00","67.17","0.00","0.00","(133.18)","120.02","0.00","0.00","8338.22"
"Acushnet","06/27/2013","947.88","0.00","0.00","0.00","(136.74)","2929.03","11/04/2013","3323.24","0.00","3.99","0.00","(6.06)","4636.61","9:12:00","0:00:00","103.95","0.00","0.00","(142.80)","257.55","0.00","0.00","7422.84"
"Adams","06/27/2013","0.00","1061.21","0.00","0.00","(129.12)","2879.97","11/04/2013","3991.23","0.00","4.99","0.00","(6.06)","4251.54","0:00:00","10:12:00","0.00","0.00","0.00","(135.18)","305.44","(50.12)","0.00","6996.33"
"Agawam","06/27/2013","1131.76","0.00","0.00","0.00","(130.12)","1174.67","11/04/2013","4235.24","959.40","5.99","0.00","(6.06)","5800.15","11:12:00","0:00:00","98.93","0.00","0.00","(136.18)","328.23","0.00","0.00","6838.64"
"Alford","06/27/2013","122.47","802.62","0.00","0.00","(25.06)","2649.92","11/04/2013","5117.27","0.00","0.00","0.00","0.00","5597.14","1:12:00","5:12:00","14.82","0.00","0.00","(25.06)","392.70","(50.12)","0.00","8222.00"
"Amesbury","06/27/2013","569.17","39.30","0.00","0.00","0.00","12051.35","11/04/2013","4291.27","0.00","0.00","51.23","0.00","5252.78","8:39:00","0:45:00","54.69","(89.43)","0.00","0.00","336.55","0.00","0.00","17304.13"
"Amherst","06/27/2013","712.89","38.56","0.00","0.00","0.00","4823.30","11/05/2013","688.15","1908.26","0.00","0.00","0.00","1454.66","10:39:00","0:45:00","50.40","(88.68)","0.00","0.00","53.34","0.00","0.00","6277.96"
"Andover","06/27/2013","1975.56","118.07","0.00","0.00","(109.06)","12183.65","11/05/2013","450.71","666.10","0.00","0.00","0.00","2716.48","14:39:00","0:45:00","204.05","(66.84)","0.00","(109.06)","34.93","0.00","0.00","14791.07"
"Aquinnah","06/27/2013","424.62","1559.56","0.00","0.00","0.00","4510.26","11/05/2013","883.60","666.10","0.00","0.00","0.00","1428.10","4:12:00","10:12:00","51.40","0.00","0.00","0.00","68.48","0.00","0.00","5938.36"
"Arlington","06/27/2013","0.00","530.97","0.00","0.00","0.00","6085.90","11/05/2013","1986.78","0.00","0.00","0.00","0.00","2140.76","0:00:00","5:12:00","0.00","0.00","0.00","0.00","153.98","0.00","0.00","8226.66"
"Ashburnham","06/27/2013","756.86","0.00","0.00","0.00","(25.06)","6801.75","11/05/2013","1103.18","1324.88","0.00","0.00","(6.06)","2003.09","7:12:00","0:00:00","57.55","0.00","0.00","(31.12)","85.50","0.00","0.00","8773.72"
"Ashby","06/27/2013","845.67","0.00","0.00","0.00","0.00","6443.15","11/05/2013","1548.67","1324.88","0.00","0.00","0.00","2623.23","8:12:00","0:00:00","108.87","0.00","0.00","0.00","120.02","0.00","0.00","9066.38"
"Ashfield","06/27/2013","958.09","0.00","0.00","0.00","(114.06)","3414.51","11/05/2013","3323.24","0.00","0.00","0.00","0.00","4621.81","9:12:00","0:00:00","82.93","0.00","0.00","(114.06)","257.55","0.00","0.00","7922.26"
"Ashland","06/27/2013","0.00","1031.73","0.00","0.00","0.00","2975.68","11/05/2013","3777.14","0.00","0.00","0.00","0.00","4069.87","0:00:00","10:12:00","0.00","0.00","0.00","0.00","292.73","0.00","0.00","7045.55"
"Athol","06/27/2013","1144.19","0.00","0.00","0.00","0.00","1697.43","11/06/2013","4235.24","0.00","0.00","0.00","0.00","5808.66","11:12:00","0:00:00","101.00","0.00","0.00","0.00","328.23","0.00","0.00","7506.09"
"Attleboro","06/27/2013","126.20","0.00","0.00","0.00","0.00","1559.14","11/06/2013","4697.55","0.00","0.00","0.00","0.00","5203.09","1:12:00","0:00:00","15.28","0.00","0.00","0.00","364.06","0.00","0.00","6762.23"
"Auburn","06/27/2013","227.00","0.00","0.00","0.00","(25.06)","3262.31","09/23/2013","237.44","0.00","0.00","0.00","0.00","510.32","2:12:00","0:00:00","27.48","0.00","0.00","(25.06)","18.40","0.00","0.00","3747.57"
"Avon","06/27/2013","333.41","0.00","0.00","0.00","(119.06)","3533.64","11/06/2013","237.44","0.00","0.00","0.00","0.00","614.61","3:12:00","0:00:00","25.36","0.00","0.00","(119.06)","18.40","0.00","0.00","4029.19"
"Ayer","06/27/2013","0.00","0.00","0.00","0.00","0.00","3996.76","11/06/2013","450.71","666.10","0.00","0.00","0.00","485.64","0:00:00","0:00:00","0.00","0.00","0.00","0.00","34.93","0.00","0.00","4482.40"
"Barnstable","06/27/2013","1331.44","0.00","0.00","0.00","0.00","6737.56","11/06/2013","883.60","666.10","0.00","0.00","(6.06)","2399.69","4:12:00","0:00:00","116.17","0.00","0.00","(6.06)","68.48","0.00","0.00","9131.19"
"Barre","06/27/2013","28.94","20.90","0.00","0.00","0.00","2073.78","11/06/2013","1986.78","0.00","0.00","0.00","0.00","2174.50","7:12:00","5:12:00","4.80","0.00","0.00","0.00","153.98","0.00","0.00","4248.28"
"Becket","06/27/2013","770.47","0.00","0.00","0.00","0.00","2719.64","11/06/2013","1103.18","1324.88","0.00","0.00","0.00","2052.42","15:24:00","0:00:00","93.27","0.00","0.00","0.00","85.50","0.00","0.00","4772.06"
"Bedford","06/27/2013","2923.90","0.00","0.00","0.00","(149.12)","5387.49","11/07/2013","1548.67","1324.88","0.00","0.00","0.00","4918.62","17:24:00","0:00:00","326.03","0.00","0.00","(149.12)","120.02","0.00","0.00","10156.99"
"Belchertown","06/27/2013","46.46","51.51","0.00","0.00","(13.17)","2798.30","11/07/2013","3323.24","0.00","0.00","0.00","0.00","3632.87","9:12:00","10:12:00","5.62","0.00","0.00","(13.17)","257.55","0.00","0.00","6418.00"
"Bellingham","06/27/2013","2643.87","2407.81","0.00","0.00","0.00","3129.13","11/07/2013","3777.14","0.00","0.00","0.00","0.00","7033.27","11:12:00","10:12:00","319.53","0.00","0.00","0.00","292.73","0.00","0.00","10162.40"
"Belmont","06/27/2013","3745.66","0.00","0.00","0.00","0.00","3895.47","11/07/2013","4235.24","0.00","0.00","0.00","0.00","8738.41","12:24:00","0:00:00","429.28","0.00","0.00","0.00","328.23","0.00","0.00","12633.88"
"Berkley","06/27/2013","1186.88","0.00","0.00","0.00","0.00","2442.01","11/07/2013","4697.55","0.00","0.00","0.00","0.00","6392.17","3:24:00","0:00:00","143.68","0.00","0.00","0.00","364.06","0.00","0.00","8834.18"
"Berlin","06/27/2013","680.89","0.00","0.00","0.00","(129.06)","3036.75","11/07/2013","2702.32","0.00","29.99","0.00","0.00","3723.77","5:24:00","0:00:00","101.14","0.00","0.00","(129.06)","209.43","0.00","0.00","6631.46"
"Bernardston","06/27/2013","799.94","0.00","0.00","0.00","(25.06)","2567.14","11/07/2013","688.15","0.00","0.00","0.00","(6.06)","1606.42","9:24:00","0:00:00","64.99","0.00","0.00","(31.12)","53.34","0.00","0.00","4142.44"
"Beverly","06/27/2013","1454.15","0.00","0.00","0.00","(9.96)","3553.49","11/07/2013","247.90","366.36","0.00","0.00","0.00","1862.57","6:45:36","0:00:00","141.30","0.00","0.00","(9.96)","19.22","0.00","0.00","5406.10"
"Billerica","06/27/2013","798.50","988.62","0.00","0.00","0.00","5434.06","11/08/2013","883.60","666.10","0.00","0.00","0.00","1821.72","4:12:00","5:12:00","71.14","0.00","0.00","0.00","68.48","0.00","0.00","7255.78"
"Blackstone","06/27/2013","915.34","661.08","0.00","0.00","0.00","5596.45","11/08/2013","1986.78","0.00","0.00","0.00","0.00","3208.09","7:12:00","5:12:00","151.99","0.00","0.00","0.00","153.98","0.00","0.00","8804.54"
"Blandford","06/27/2013","94.56","0.00","0.00","0.00","(134.06)","4548.61","11/08/2013","1103.18","1324.88","0.00","0.00","0.00","1290.43","15:24:00","0:00:00","7.19","0.00","0.00","(134.06)","85.50","0.00","0.00","5704.98"
"Bolton","06/27/2013","2943.21","0.00","0.00","0.00","0.00","5589.20","11/08/2013","1548.67","1324.88","0.00","0.00","0.00","4967.84","17:24:00","0:00:00","355.94","0.00","0.00","0.00","120.02","0.00","0.00","10557.04"
"Boston","06/27/2013","2384.27","2643.43","0.00","0.00","(25.06)","4386.82","11/08/2013","3323.24","0.00","0.00","0.00","0.00","6227.79","9:12:00","10:12:00","262.73","0.00","0.00","(25.06)","257.55","0.00","0.00","10589.55"
"Bourne","06/27/2013","3429.10","3122.93","0.00","0.00","(8.73)","3843.44","11/08/2013","3777.14","0.00","0.00","0.00","0.00","7869.06","11:12:00","10:12:00","370.09","0.00","0.00","(8.73)","292.73","0.00","0.00","11703.77"
"Boxborough","06/27/2013","2048.24","0.00","0.00","0.00","0.00","2278.62","11/08/2013","4235.24","0.00","0.00","0.00","0.00","6855.07","12:24:00","0:00:00","243.36","0.00","0.00","0.00","328.23","0.00","0.00","9133.69"
"Boxford","06/27/2013","735.05","0.00","0.00","0.00","(139.06)","1800.70","11/08/2013","4697.55","0.00","0.00","0.00","(6.06)","5895.92","3:24:00","0:00:00","99.26","0.00","0.00","(145.12)","364.06","0.00","0.00","7551.50"
"Boylston","06/27/2013","692.28","0.00","0.00","0.00","0.00","3040.16","11/09/2013","2702.32","0.00","0.00","0.00","0.00","3687.83","5:24:00","0:00:00","83.80","0.00","0.00","0.00","209.43","0.00","0.00","6727.99"
"Braintree","06/27/2013","986.89","0.00","0.00","0.00","0.00","2881.91","11/09/2013","688.15","0.00","0.00","0.00","0.00","1806.90","9:24:00","0:00:00","78.52","0.00","0.00","0.00","53.34","0.00","0.00","4688.81"
"Brewster","06/27/2013","1094.20","0.00","0.00","0.00","(25.06)","3657.70","11/09/2013","450.71","666.10","0.00","0.00","0.00","1668.98","10:24:00","0:00:00","89.14","0.00","0.00","(25.06)","34.93","0.00","0.00","5301.62"
"Bridgewater","06/27/2013","436.93","546.16","0.00","0.00","(5.79)","4534.66","09/26/2013","883.60","0.00","0.00","0.00","0.00","1422.24","4:12:00","5:12:00","33.23","0.00","0.00","(5.79)","68.48","0.00","0.00","5951.11"
"Brimfield","06/27/2013","770.69","546.21","0.00","0.00","(144.06)","5346.13","11/09/2013","883.60","0.00","0.00","0.00","0.00","1816.06","7:12:00","5:12:00","93.29","0.00","0.00","(144.06)","68.48","0.00","0.00","7018.13"
"Brockton","06/27/2013","886.01","0.00","0.00","0.00","0.00","5943.40","11/09/2013","1103.18","1324.88","0.00","0.00","0.00","2147.90","8:12:00","0:00:00","73.21","0.00","0.00","0.00","85.50","0.00","0.00","8091.30"
"Brookfield","06/27/2013","886.09","0.00","0.00","0.00","0.00","5316.72","11/09/2013","1548.67","1324.88","0.00","0.00","0.00","2678.51","8:12:00","0:00:00","123.73","0.00","0.00","0.00","120.02","0.00","0.00","7995.23"
"Brookline","06/27/2013","1003.44","1122.71","0.00","0.00","0.00","717.01","11/09/2013","3323.24","0.00","0.00","0.00","0.00","4690.13","9:12:00","10:12:00","105.90","0.00","0.00","0.00","257.55","0.00","0.00","5407.14"
"Buckland","06/27/2013","1244.10","1122.82","0.00","0.00","(25.06)","1235.05","11/10/2013","3777.14","0.00","0.00","0.00","(6.06)","5439.61","11:12:00","10:12:00","125.64","0.00","0.00","(31.12)","292.73","0.00","0.00","6643.54"
"Burlington","06/27/2013","1365.52","0.00","0.00","0.00","(170.60)","827.33","11/10/2013","4235.24","0.00","0.00","0.00","0.00","6049.85","12:24:00","0:00:00","120.86","0.00","0.00","(170.60)","328.23","0.00","0.00","6706.58"
"Cambridge","06/27/2013","345.94","0.00","0.00","0.00","(13.62)","1292.09","11/10/2013","4697.55","0.00","0.00","0.00","0.00","5449.43","3:24:00","0:00:00","41.88","0.00","0.00","(13.62)","364.06","0.00","0.00","6727.90"
"Canton","06/27/2013","554.59","0.00","0.00","0.00","0.00","2856.72","11/10/2013","2702.32","0.00","0.00","0.00","0.00","3533.47","5:24:00","0:00:00","67.13","0.00","0.00","0.00","209.43","0.00","0.00","6390.19"
"Carlisle","06/27/2013","987.92","0.00","0.00","0.00","0.00","2881.23","11/10/2013","688.15","0.00","0.00","0.00","0.00","1814.84","9:24:00","0:00:00","85.43","0.00","0.00","0.00","53.34","0.00","0.00","4696.07"
"Carver","06/27/2013","1095.36","0.00","0.00","0.00","0.00","3624.72","11/10/2013","450.71","666.10","0.00","0.00","0.00","1668.59","10:24:00","0:00:00","87.59","0.00","0.00","0.00","34.93","0.00","0.00","5293.31"
"Charlemont","06/27/2013","437.39","546.73","0.00","0.00","(179.12)","4546.00","11/10/2013","883.60","666.10","0.00","0.00","0.00","1422.74","4:12:00","5:12:00","33.27","0.00","0.00","(179.12)","68.48","0.00","0.00","5789.62"
"Charlton","06/27/2013","771.48","546.78","0.00","0.00","(2.36)","5342.35","11/10/2013","1986.78","0.00","0.00","0.00","0.00","3005.63","7:12:00","5:12:00","93.39","0.00","0.00","(2.36)","153.98","0.00","0.00","8345.62"
"Chatham","06/27/2013","1658.46","0.00","0.00","0.00","0.00","5933.42","11/11/2013","1103.18","1324.88","0.00","0.00","0.00","3013.92","15:24:00","0:00:00","166.78","0.00","0.00","0.00","85.50","0.00","0.00","8947.34"
"Chelmsford","06/27/2013","1891.35","0.00","0.00","0.00","0.00","5305.39","11/11/2013","1548.67","1324.88","0.00","0.00","(6.06)","3805.56","17:24:00","0:00:00","245.52","0.00","0.00","(6.06)","120.02","0.00","0.00","9104.89"
"Chelsea","06/27/2013","1004.46","1123.84","0.00","0.00","0.00","3368.27","11/11/2013","3323.24","0.00","0.00","0.00","0.00","4691.26","9:12:00","10:12:00","106.01","0.00","0.00","0.00","257.55","0.00","0.00","8059.53"
"Cheshire","06/27/2013","1245.33","1123.94","0.00","0.00","(159.06)","1684.58","11/11/2013","3777.14","0.00","0.00","0.00","0.00","5440.97","11:12:00","10:12:00","125.77","0.00","0.00","(159.06)","292.73","0.00","0.00","6966.49"
"Chester","06/27/2013","1366.88","0.00","0.00","0.00","(25.06)","1560.61","11/11/2013","4235.24","0.00","0.00","0.00","0.00","6051.33","12:24:00","0:00:00","120.98","0.00","0.00","(25.06)","328.23","0.00","0.00","7586.88"
"Chesterfield","06/27/2013","344.63","0.00","0.00","0.00","(19.56)","1292.72","11/11/2013","4697.55","0.00","0.00","0.00","0.00","5442.38","3:24:00","0:00:00","36.14","0.00","0.00","(19.56)","364.06","0.00","0.00","6715.54"
"Chicopee","06/27/2013","557.50","0.00","0.00","0.00","0.00","2829.87","11/11/2013","2702.32","0.00","0.00","0.00","0.00","3536.74","5:24:00","0:00:00","67.49","0.00","0.00","0.00","209.43","0.00","0.00","6366.61"
"Chilmark","06/27/2013","980.89","0.00","0.00","0.00","0.00","2800.16","11/11/2013","688.15","0.00","0.00","0.00","0.00","1807.95","9:24:00","0:00:00","85.57","0.00","0.00","0.00","53.34","0.00","0.00","4608.11"
"Clarksburg","06/27/2013","1077.82","0.00","0.00","0.00","(164.06)","3498.78","11/12/2013","450.71","666.10","64.99","0.00","0.00","1713.92","10:24:00","0:00:00","85.47","0.00","0.00","(164.06)","34.93","0.00","0.00","5048.64"
"Clinton","06/27/2013","424.41","541.06","0.00","0.00","0.00","4507.62","11/12/2013","883.60","666.10","0.00","0.00","0.00","1408.77","4:12:00","5:12:00","32.28","0.00","0.00","0.00","68.48","0.00","0.00","5916.39"
"Cohasset","06/27/2013","727.63","530.71","0.00","0.00","(25.06)","5304.08","11/12/2013","1986.78","0.00","0.00","0.00","(6.06)","2956.47","7:12:00","5:12:00","88.08","0.00","0.00","(31.12)","153.98","0.00","0.00","8229.43"
"Colrain","06/27/2013","1593.47","0.00","0.00","0.00","(0.07)","5882.48","11/12/2013","1103.18","1324.88","0.00","0.00","0.00","2936.47","15:24:00","0:00:00","154.32","0.00","0.00","(0.07)","85.50","0.00","0.00","8818.88"
"Concord","06/27/2013","1812.00","0.00","0.00","0.00","0.00","5365.78","09/29/2013","1548.67","0.00","0.00","0.00","0.00","3707.75","17:24:00","0:00:00","227.06","0.00","0.00","0.00","120.02","0.00","0.00","9073.53"
"Conway","06/27/2013","957.63","1051.52","0.00","0.00","(169.06)","3430.13","11/12/2013","1548.67","0.00","0.00","0.00","0.00","2728.32","9:12:00","10:12:00","102.00","0.00","0.00","(169.06)","120.02","0.00","0.00","5989.39"
"Cummington","06/27/2013","1165.92","0.00","0.00","0.00","0.00","1638.25","11/12/2013","3777.14","0.00","0.00","0.00","0.00","5351.93","11:12:00","0:00:00","116.14","0.00","0.00","0.00","292.73","0.00","0.00","6990.18"
"Dalton","06/27/2013","1143.63","0.00","0.00","0.00","0.00","1509.46","11/12/2013","4235.24","0.00","0.00","0.00","0.00","5802.63","11:12:00","0:00:00","95.53","0.00","0.00","0.00","328.23","0.00","0.00","7312.09"
"Danvers","06/27/2013","350.80","0.00","0.00","0.00","(25.06)","1278.68","11/13/2013","4697.55","0.00","0.00","0.00","0.00","5448.00","3:24:00","0:00:00","35.59","0.00","0.00","(25.06)","364.06","0.00","0.00","6701.62"
"Dartmouth","06/27/2013","563.31","0.00","0.00","0.00","(18.16)","1623.13","11/13/2013","2702.32","0.00","0.00","0.00","0.00","3543.25","5:24:00","0:00:00","68.19","0.00","0.00","(18.16)","209.43","0.00","0.00","5148.22"
"Dedham","06/27/2013","972.72","0.00","0.00","0.00","(174.06)","1968.23","11/13/2013","688.15","0.00","0.00","0.00","0.00","1799.78","9:24:00","0:00:00","85.57","0.00","0.00","(174.06)","53.34","0.00","0.00","3593.95"
"Deerfield","06/27/2013","1064.56","0.00","0.00","0.00","0.00","2404.55","11/13/2013","450.71","666.10","0.00","0.00","(6.06)","1640.64","10:24:00","0:00:00","90.44","0.00","0.00","(6.06)","34.93","0.00","0.00","4039.13"
"Dennis","06/27/2013","429.07","526.03","0.00","0.00","0.00","4498.58","11/13/2013","883.60","666.10","0.00","0.00","0.00","1433.09","4:12:00","5:12:00","51.94","0.00","0.00","0.00","68.48","0.00","0.00","5931.67"
"Dighton","06/27/2013","735.62","546.88","0.00","0.00","0.00","5235.46","11/13/2013","1986.78","0.00","0.00","0.00","0.00","2933.78","7:12:00","5:12:00","57.40","0.00","0.00","0.00","153.98","0.00","0.00","8169.24"
"Douglas","06/27/2013","1605.38","0.00","0.00","0.00","(25.06)","5842.50","11/13/2013","1103.18","1324.88","0.00","0.00","0.00","2951.40","15:24:00","0:00:00","157.34","0.00","0.00","(25.06)","85.50","0.00","0.00","8768.84"
"Dover","06/27/2013","1803.71","0.00","0.00","0.00","(181.66)","5287.51","11/13/2013","1548.67","1324.88","0.00","0.00","0.00","3700.68","17:24:00","0:00:00","228.28","0.00","0.00","(181.66)","120.02","0.00","0.00","8806.53"
"Dracut","06/27/2013","931.04","1062.84","0.00","0.00","0.00","3345.00","11/14/2013","3323.24","0.00","0.00","0.00","0.00","4611.85","9:12:00","10:12:00","100.02","0.00","0.00","0.00","257.55","0.00","0.00","7956.85"
"Dudley","06/27/2013","1747.31","1591.30","0.00","0.00","0.00","2214.72","11/14/2013","3777.14","0.00","0.00","0.00","0.00","6004.00","11:12:00","10:12:00","186.82","0.00","0.00","0.00","292.73","0.00","0.00","8218.72"
"Dunstable","06/27/2013","2393.44","0.00","0.00","0.00","0.00","2525.44","11/14/2013","4235.24","0.00","0.00","0.00","0.00","7201.63","12:24:00","0:00:00","244.72","0.00","0.00","0.00","328.23","0.00","0.00","9727.07"
"Duxbury","06/27/2013","945.31","0.00","0.00","0.00","0.00","2042.22","11/14/2013","4697.55","0.00","0.00","0.00","0.00","6092.25","3:24:00","0:00:00","85.33","0.00","0.00","0.00","364.06","0.00","0.00","8134.47"
"East.Bridgewater","06/27/2013","1506.82","0.00","0.00","0.00","(209.12)","4266.17","11/14/2013","2702.32","0.00","0.00","0.00","(6.06)","4599.99","5:24:00","0:00:00","181.42","0.00","0.00","(215.18)","209.43","0.00","0.00","8650.98"
"East.Brookfield","06/27/2013","1241.27","0.00","0.00","0.00","(10.99)","3311.42","11/14/2013","688.15","0.00","0.00","0.00","0.00","2133.02","9:24:00","0:00:00","150.26","0.00","0.00","(10.99)","53.34","0.00","0.00","5433.45"
"East.Longmeadow","06/27/2013","146.22","0.00","0.00","0.00","(10.42)","1750.48","11/14/2013","450.71","666.10","0.00","0.00","0.00","649.56","10:24:00","0:00:00","17.70","0.00","0.00","(10.42)","34.93","0.00","0.00","2389.62"
"Eastham","06/27/2013","1348.49","1669.56","0.00","0.00","0.00","6745.21","11/14/2013","883.60","666.10","0.00","0.00","0.00","2457.98","4:12:00","5:12:00","157.41","0.00","0.00","0.00","68.48","0.00","0.00","9203.19"
"Easthampton","06/27/2013","86.98","62.82","0.00","0.00","0.00","4032.79","11/15/2013","1986.78","0.00","0.00","0.00","0.00","2242.18","7:12:00","5:12:00","14.44","0.00","0.00","0.00","153.98","0.00","0.00","6274.97"
"Easton","06/27/2013","4313.39","0.00","0.00","0.00","(189.06)","8326.69","11/15/2013","1103.18","1324.88","0.00","0.00","0.00","6018.12","15:24:00","0:00:00","516.05","0.00","0.00","(189.06)","85.50","0.00","0.00","14155.75"
"Edgartown","06/27/2013","5378.34","0.00","0.00","0.00","(25.06)","6104.13","11/15/2013","1548.67","1324.88","0.00","0.00","0.00","7698.08","17:24:00","0:00:00","651.05","0.00","0.00","(25.06)","120.02","0.00","0.00","13777.15"
"Egremont","06/27/2013","691.01","766.12","0.00","0.00","(11.54)","3182.38","11/15/2013","3323.24","0.00","0.00","0.00","0.00","4324.35","9:12:00","10:12:00","52.55","0.00","0.00","(11.54)","257.55","0.00","0.00","7495.19"
"Erving","06/27/2013","1042.94","949.82","0.00","0.00","0.00","1527.32","11/15/2013","3777.14","0.00","0.00","0.00","0.00","5220.81","11:12:00","10:12:00","108.00","0.00","0.00","0.00","292.73","0.00","0.00","6748.13"
"Essex","06/27/2013","2704.82","0.00","0.00","0.00","0.00","2829.53","10/02/2013","2232.67","0.00","0.00","0.00","(6.06)","5398.55","12:24:00","0:00:00","288.03","0.00","0.00","(6.06)","173.03","0.00","0.00","8222.02"
"Everett","06/27/2013","894.68","0.00","0.00","0.00","(194.06)","1950.07","11/15/2013","2232.67","0.00","0.00","0.00","0.00","3379.54","3:24:00","0:00:00","79.16","0.00","0.00","(194.06)","173.03","0.00","0.00","5135.55"
"Fairhaven","06/27/2013","1069.28","0.00","0.00","0.00","0.00","4682.81","11/15/2013","2702.32","0.00","0.00","0.00","0.00","4111.43","3:12:00","0:00:00","130.40","0.00","0.00","0.00","209.43","0.00","0.00","8794.24"
"Fall River","06/27/2013","1072.51","0.00","0.00","0.00","(25.06)","6888.19","11/16/2013","688.15","0.00","0.00","0.00","0.00","1943.82","3:12:00","0:00:00","129.82","0.00","0.00","(25.06)","53.34","0.00","0.00","8806.95"
"Falmouth","06/27/2013","3225.76","0.00","0.00","0.00","0.00","7620.12","11/16/2013","450.71","666.10","0.00","0.00","0.00","4101.88","10:24:00","0:00:00","390.48","0.00","0.00","0.00","34.93","0.00","0.00","11722.00"
"Fitchburg","06/27/2013","454.36","562.54","0.00","0.00","0.00","2582.49","11/16/2013","883.60","666.10","0.00","0.00","0.00","1461.44","4:12:00","5:12:00","55.00","0.00","0.00","0.00","68.48","0.00","0.00","4043.93"
"Florida","06/27/2013","490.97","354.59","0.00","0.00","(199.06)","4741.69","11/16/2013","1986.78","0.00","99.99","0.00","0.00","2813.03","7:12:00","5:12:00","81.31","0.00","0.00","(199.06)","153.98","0.00","0.00","7355.66"
"Foxborough","06/27/2013","3714.48","0.00","0.00","0.00","0.00","7511.19","11/16/2013","1103.18","1324.88","0.00","0.00","0.00","5318.43","15:24:00","0:00:00","415.27","0.00","0.00","0.00","85.50","0.00","0.00","12829.62"
"Framingham","06/27/2013","1888.57","0.00","0.00","0.00","0.00","5363.31","11/16/2013","1548.67","1324.88","0.00","0.00","0.00","3820.24","17:24:00","0:00:00","262.98","0.00","0.00","0.00","120.02","0.00","0.00","9183.55"
"Franklin","06/27/2013","1002.98","1122.20","0.00","0.00","(25.06)","3457.47","11/16/2013","3323.24","0.00","0.00","0.00","(6.06)","4689.63","9:12:00","10:12:00","105.86","0.00","0.00","(31.12)","257.55","0.00","0.00","8115.98"
"Freetown","06/27/2013","1243.54","1122.31","0.00","0.00","(17.57)","1761.08","11/16/2013","3777.14","0.00","0.00","0.00","0.00","5439.01","11:12:00","10:12:00","125.60","0.00","0.00","(17.57)","292.73","0.00","0.00","7182.52"
"Gardner","06/27/2013","1364.90","0.00","0.00","0.00","(204.06)","1591.83","11/17/2013","4235.24","0.00","0.00","0.00","0.00","6049.17","12:24:00","0:00:00","120.80","0.00","0.00","(204.06)","328.23","0.00","0.00","7436.94"
"Georgetown","06/27/2013","345.77","0.00","0.00","0.00","0.00","1223.83","11/17/2013","4697.55","0.00","0.00","0.00","0.00","5443.60","3:24:00","0:00:00","36.22","0.00","0.00","0.00","364.06","0.00","0.00","6667.43"
"Gill","06/27/2013","554.32","0.00","0.00","0.00","0.00","2801.85","11/17/2013","2702.32","0.00","0.00","0.00","0.00","3533.16","5:24:00","0:00:00","67.09","0.00","0.00","0.00","209.43","0.00","0.00","6335.01"
"Gloucester","06/27/2013","987.45","0.00","0.00","0.00","0.00","2825.51","11/17/2013","688.15","0.00","0.00","0.00","0.00","1814.35","9:24:00","0:00:00","85.41","0.00","0.00","0.00","53.34","0.00","0.00","4639.86"
"Goshen","06/27/2013","1094.84","0.00","0.00","0.00","(25.06)","3594.32","11/17/2013","450.71","666.10","0.00","0.00","0.00","1668.01","10:24:00","0:00:00","87.53","0.00","0.00","(25.06)","34.93","0.00","0.00","5237.27"
"Gosnold","06/27/2013","437.18","546.47","0.00","0.00","(215.13)","4470.57","11/17/2013","883.60","666.10","0.00","0.00","0.00","1422.51","4:12:00","5:12:00","33.25","0.00","0.00","(215.13)","68.48","0.00","0.00","5677.95"
"Grafton","06/27/2013","771.12","546.52","0.00","0.00","0.00","5283.99","11/17/2013","1986.78","0.00","0.00","0.00","0.00","3005.22","7:12:00","5:12:00","93.34","0.00","0.00","0.00","153.98","0.00","0.00","8289.21"
"Granby","06/27/2013","1657.69","0.00","0.00","0.00","0.00","5877.12","11/17/2013","1103.18","1324.88","0.00","0.00","(6.06)","3013.03","15:24:00","0:00:00","166.66","0.00","0.00","(6.06)","85.50","0.00","0.00","8884.09"
"Granville","06/27/2013","1890.48","0.00","0.00","0.00","0.00","5244.44","11/18/2013","1548.67","1324.88","0.00","0.00","0.00","3804.55","17:24:00","0:00:00","245.38","0.00","0.00","0.00","120.02","0.00","0.00","9048.99"
"Great Barrington","06/27/2013","1004.00","1123.33","0.00","0.00","0.00","3312.87","11/18/2013","3323.24","0.00","0.00","0.00","0.00","4690.75","9:12:00","10:12:00","105.96","0.00","0.00","0.00","257.55","0.00","0.00","8003.62"
"Greenfield","06/27/2013","1244.77","1123.43","0.00","0.00","(239.12)","1652.88","11/18/2013","3777.14","0.00","0.00","0.00","0.00","5440.35","11:12:00","10:12:00","125.71","0.00","0.00","(239.12)","292.73","0.00","0.00","6854.11"
"Groton","06/27/2013","1366.26","0.00","0.00","0.00","(18.69)","1496.67","11/18/2013","4235.24","0.00","0.00","0.00","0.00","6050.64","12:24:00","0:00:00","120.91","0.00","0.00","(18.69)","328.23","0.00","0.00","7528.62"
"Groveland","06/27/2013","346.14","0.00","0.00","0.00","(14.79)","1227.54","11/18/2013","4697.55","0.00","0.00","0.00","0.00","5444.01","3:24:00","0:00:00","36.26","0.00","0.00","(14.79)","364.06","0.00","0.00","6656.76"
"Hadley","06/27/2013","554.91","0.00","0.00","0.00","0.00","2792.81","11/18/2013","2702.32","0.00","0.00","0.00","0.00","3533.83","5:24:00","0:00:00","67.17","0.00","0.00","0.00","209.43","0.00","0.00","6326.64"
"Halifax","06/27/2013","988.50","0.00","0.00","0.00","0.00","2813.28","10/05/2013","450.71","0.00","0.00","0.00","0.00","1559.60","9:24:00","0:00:00","85.46","0.00","0.00","0.00","34.93","0.00","0.00","4372.88"
"Hamilton","06/27/2013","1095.98","0.00","0.00","0.00","(219.06)","3555.22","11/18/2013","450.71","0.00","0.00","0.00","0.00","1669.29","10:24:00","0:00:00","87.67","0.00","0.00","(219.06)","34.93","0.00","0.00","5005.45"
"Hampden","06/27/2013","0.00","547.04","0.00","0.00","(25.06)","4478.05","11/19/2013","883.60","666.10","0.00","0.00","(6.06)","952.08","0:00:00","5:12:00","0.00","0.00","0.00","(31.12)","68.48","0.00","0.00","5399.01"
"Hancock","06/27/2013","0.00","530.45","0.00","0.00","(3.16)","5153.73","11/19/2013","1986.78","0.00","0.00","0.00","0.00","2140.76","0:00:00","5:12:00","0.00","0.00","0.00","(3.16)","153.98","0.00","0.00","7291.33"
"Hanover","06/27/2013","1592.70","0.00","0.00","0.00","0.00","3586.82","11/19/2013","1103.18","1324.88","0.00","0.00","0.00","2935.59","15:24:00","0:00:00","154.21","0.00","0.00","0.00","85.50","0.00","0.00","6522.41"
"Hanson","06/27/2013","1811.13","0.00","0.00","0.00","0.00","2562.13","11/19/2013","1548.67","1324.88","0.00","0.00","0.00","3706.73","17:24:00","0:00:00","226.91","0.00","0.00","0.00","120.02","0.00","0.00","6268.86"
"Hardwick","06/27/2013","957.17","1051.01","0.00","0.00","(224.06)","3038.94","11/19/2013","3323.24","0.00","0.00","0.00","0.00","4639.94","9:12:00","10:12:00","101.98","0.00","0.00","(224.06)","257.55","0.00","0.00","7454.82"
"Harvard","06/27/2013","1165.36","1030.71","0.00","0.00","0.00","863.91","11/19/2013","3777.14","0.00","0.00","0.00","0.00","5361.31","11:12:00","10:12:00","126.08","0.00","0.00","0.00","292.73","0.00","0.00","6225.22"
"Harwich","06/27/2013","1264.34","0.00","0.00","0.00","(25.06)","1487.72","11/19/2013","4235.24","0.00","0.00","0.00","0.00","5966.16","12:24:00","0:00:00","138.35","0.00","0.00","(25.06)","328.23","0.00","0.00","7428.82"
"Hatfield","06/27/2013","350.63","0.00","0.00","0.00","(19.88)","1216.43","11/19/2013","4697.55","0.00","0.00","0.00","0.00","5438.91","3:24:00","0:00:00","26.67","0.00","0.00","(19.88)","364.06","0.00","0.00","6635.46"
"Haverhill","06/27/2013","563.04","0.00","0.00","0.00","0.00","2743.23","11/20/2013","2702.32","0.00","0.00","0.00","0.00","3542.95","5:24:00","0:00:00","68.16","0.00","0.00","0.00","209.43","0.00","0.00","6286.18"
"Hawley","06/27/2013","972.25","0.00","0.00","0.00","(229.06)","2711.45","11/20/2013","688.15","0.00","0.00","0.00","(6.06)","1799.28","9:24:00","0:00:00","85.54","0.00","0.00","(235.12)","53.34","0.00","0.00","4275.61"
"Heath","06/27/2013","1064.04","0.00","0.00","0.00","0.00","3404.66","11/20/2013","450.71","666.10","0.00","0.00","0.00","1633.48","10:24:00","0:00:00","83.80","0.00","0.00","0.00","34.93","0.00","0.00","5038.14"
"Hingham","06/27/2013","428.86","525.77","0.00","0.00","0.00","4391.33","11/20/2013","883.60","666.10","0.00","0.00","0.00","1413.55","4:12:00","5:12:00","32.61","0.00","0.00","0.00","68.48","0.00","0.00","5804.88"
"Hinsdale","06/27/2013","735.26","546.62","0.00","0.00","(25.06)","5197.27","11/20/2013","1986.78","0.00","0.00","0.00","0.00","2965.03","7:12:00","5:12:00","89.01","0.00","0.00","(25.06)","153.98","0.00","0.00","8137.24"
"Holbrook","06/27/2013","1604.61","0.00","0.00","0.00","0.00","5748.13","11/20/2013","1103.18","1324.88","0.00","0.00","0.00","2950.51","15:24:00","0:00:00","157.22","0.00","0.00","0.00","85.50","0.00","0.00","8698.64"
"Holden","06/27/2013","1802.84","0.00","0.00","0.00","(234.06)","5218.81","11/20/2013","1548.67","1324.88","134.99","0.00","0.00","3834.64","17:24:00","0:00:00","228.12","0.00","0.00","(234.06)","120.02","0.00","0.00","8819.39"
"Holland","06/27/2013","930.58","1062.33","0.00","0.00","0.00","3414.15","11/20/2013","3323.24","0.00","0.00","0.00","0.00","4611.37","9:12:00","10:12:00","100.00","0.00","0.00","0.00","257.55","0.00","0.00","8025.52"
"Holliston","06/27/2013","1132.99","1042.03","0.00","0.00","0.00","1726.65","11/21/2013","3777.14","0.00","0.00","0.00","0.00","5315.32","11:12:00","10:12:00","112.46","0.00","0.00","0.00","292.73","0.00","0.00","7041.97"
"Holyoke","06/27/2013","1300.50","0.00","0.00","0.00","0.00","1578.64","11/21/2013","4235.24","0.00","0.00","0.00","0.00","5977.74","12:24:00","0:00:00","113.77","0.00","0.00","0.00","328.23","0.00","0.00","7556.38"
"Hopedale","06/27/2013","355.22","0.00","0.00","0.00","(25.06)","1356.50","11/21/2013","4697.55","0.00","0.00","0.00","(6.06)","5452.48","3:24:00","0:00:00","35.65","0.00","0.00","(31.12)","364.06","0.00","0.00","6777.86"
"Hopkinton","06/27/2013","559.43","0.00","0.00","0.00","(239.06)","2877.43","11/21/2013","2702.32","0.00","0.00","0.00","0.00","3538.90","5:24:00","0:00:00","67.72","0.00","0.00","(239.06)","209.43","0.00","0.00","6177.27"
"Hubbardston","06/27/2013","969.88","0.00","0.00","0.00","0.00","2681.37","11/21/2013","688.15","0.00","0.00","0.00","0.00","1796.37","9:24:00","0:00:00","85.00","0.00","0.00","0.00","53.34","0.00","0.00","4477.74"
"Hudson","06/27/2013","1820.10","0.00","0.00","0.00","0.00","4845.27","11/21/2013","450.71","666.10","0.00","0.00","0.00","2481.05","10:24:00","0:00:00","175.31","0.00","0.00","0.00","34.93","0.00","0.00","7326.32"
"Hull","06/27/2013","1024.88","1268.90","0.00","0.00","0.00","5855.14","11/21/2013","883.60","666.10","0.00","0.00","0.00","2101.03","4:12:00","5:12:00","124.07","0.00","0.00","0.00","68.48","0.00","0.00","7956.17"
"Huntington","06/27/2013","165.82","119.76","0.00","0.00","0.00","4109.83","10/09/2013","1103.18","0.00","0.00","0.00","0.00","1382.03","7:12:00","5:12:00","27.53","0.00","0.00","0.00","85.50","0.00","0.00","5491.86"
"Ipswich","06/27/2013","3404.02","0.00","0.00","0.00","(269.12)","7436.77","11/22/2013","1103.18","0.00","0.00","0.00","0.00","4993.14","15:24:00","0:00:00","400.44","0.00","0.00","(269.12)","85.50","0.00","0.00","12160.79"
"Kingston","06/27/2013","2668.46","0.00","0.00","0.00","0.00","5938.10","11/22/2013","1548.67","1324.88","0.00","0.00","0.00","4660.17","9:12:00","0:00:00","323.02","0.00","0.00","0.00","120.02","0.00","0.00","10598.27"
"Lakeville","06/27/2013","2631.75","0.00","0.00","0.00","0.00","4390.58","11/22/2013","3323.24","0.00","0.00","0.00","0.00","6486.73","9:12:00","0:00:00","274.19","0.00","0.00","0.00","257.55","0.00","0.00","10877.31"
"Lancaster","06/27/2013","1535.18","1398.11","0.00","0.00","0.00","1668.69","11/22/2013","3777.14","0.00","0.00","0.00","(6.06)","5745.88","11:12:00","10:12:00","140.83","0.00","0.00","(6.06)","292.73","0.00","0.00","7408.51"
"Lanesborough","06/27/2013","732.60","0.00","0.00","0.00","0.00","893.11","11/22/2013","4235.24","0.00","0.00","0.00","0.00","5354.73","12:24:00","0:00:00","58.66","0.00","0.00","0.00","328.23","0.00","0.00","6247.84"
"Lawrence","06/27/2013","670.11","0.00","0.00","0.00","(249.06)","679.66","11/22/2013","4697.55","0.00","0.00","0.00","0.00","5809.76","3:24:00","0:00:00","78.04","0.00","0.00","(249.06)","364.06","0.00","0.00","6240.36"
"Lee","06/27/2013","329.94","0.00","0.00","0.00","(25.06)","1896.54","11/22/2013","2702.32","0.00","0.00","0.00","0.00","3281.63","5:24:00","0:00:00","39.94","0.00","0.00","(25.06)","209.43","0.00","0.00","5153.11"
"Leicester","06/27/2013","1298.23","0.00","0.00","0.00","0.00","3333.38","11/22/2013","688.15","0.00","0.00","0.00","0.00","2196.87","9:24:00","0:00:00","157.15","0.00","0.00","0.00","53.34","0.00","0.00","5530.25"
"Lenox","06/27/2013","646.04","0.00","0.00","0.00","(3.20)","2613.63","11/23/2013","450.71","666.10","0.00","0.00","0.00","1180.81","10:24:00","0:00:00","49.13","0.00","0.00","(3.20)","34.93","0.00","0.00","3791.24"
"Leominster","06/27/2013","491.95","609.08","0.00","0.00","0.00","4512.63","11/23/2013","883.60","666.10","0.00","0.00","0.00","1500.72","4:12:00","5:12:00","56.69","0.00","0.00","0.00","68.48","0.00","0.00","6013.35"
"Leverett","06/27/2013","173.81","125.53","0.00","0.00","(254.06)","4112.83","11/23/2013","1986.78","0.00","0.00","0.00","0.00","2335.61","7:12:00","5:12:00","21.04","0.00","0.00","(254.06)","153.98","0.00","0.00","6194.38"
"Lexington","06/27/2013","4560.71","0.00","0.00","0.00","0.00","8461.99","11/23/2013","1103.18","1324.88","0.00","0.00","0.00","6289.29","15:24:00","0:00:00","539.90","0.00","0.00","0.00","85.50","0.00","0.00","14751.28"
"Leyden","06/27/2013","1499.18","0.00","0.00","0.00","(25.06)","5159.97","11/23/2013","1548.67","1324.88","0.00","0.00","(6.06)","3349.35","17:24:00","0:00:00","181.48","0.00","0.00","(31.12)","120.02","0.00","0.00","8478.20"
"Lincoln","06/27/2013","1685.16","1868.33","0.00","0.00","0.00","3751.76","11/23/2013","3323.24","0.00","0.00","0.00","0.00","5456.76","9:12:00","10:12:00","190.81","0.00","0.00","0.00","257.55","0.00","0.00","9208.52"
"Littleton","06/27/2013","1323.62","1205.44","0.00","0.00","0.00","1721.99","11/23/2013","3777.14","0.00","0.00","0.00","0.00","5509.20","11:12:00","10:12:00","115.71","0.00","0.00","0.00","292.73","0.00","0.00","7231.19"
"Longmeadow","06/27/2013","585.16","0.00","0.00","0.00","(259.06)","751.25","11/23/2013","4235.24","0.00","0.00","0.00","0.00","5193.13","12:24:00","0:00:00","44.50","0.00","0.00","(259.06)","328.23","0.00","0.00","5685.32"
"Lowell","06/27/2013","680.68","0.00","0.00","0.00","0.00","1624.28","11/24/2013","4697.55","0.00","0.00","0.00","0.00","5818.11","3:24:00","0:00:00","75.82","0.00","0.00","0.00","364.06","0.00","0.00","7442.39"
"Ludlow","06/27/2013","554.05","0.00","0.00","0.00","0.00","2742.94","11/24/2013","2702.32","0.00","0.00","0.00","0.00","3516.85","5:24:00","0:00:00","51.05","0.00","0.00","0.00","209.43","0.00","0.00","6259.79"
"Lunenburg","06/27/2013","986.98","0.00","0.00","0.00","(25.06)","2787.12","11/24/2013","688.15","0.00","0.00","0.00","0.00","1813.86","9:24:00","0:00:00","85.39","0.00","0.00","(25.06)","53.34","0.00","0.00","4575.92"
"Lynn","06/27/2013","1094.32","0.00","0.00","0.00","(10.11)","3518.79","11/24/2013","450.71","666.10","0.00","0.00","0.00","1667.42","10:24:00","0:00:00","87.46","0.00","0.00","(10.11)","34.93","0.00","0.00","5176.10"
"Lynnfield","06/27/2013","436.97","546.21","0.00","0.00","(264.06)","4397.76","11/24/2013","883.60","666.10","0.00","0.00","0.00","1422.28","4:12:00","5:12:00","33.23","0.00","0.00","(264.06)","68.48","0.00","0.00","5555.98"
"Malden","06/27/2013","770.76","546.26","0.00","0.00","0.00","5219.93","11/24/2013","1986.78","0.00","0.00","0.00","(6.06)","3004.82","7:12:00","5:12:00","93.30","0.00","0.00","(6.06)","153.98","0.00","0.00","8218.69"
"Manchester-by-the-Sea","06/27/2013","1656.92","0.00","0.00","0.00","0.00","5801.35","11/24/2013","1103.18","1324.88","0.00","0.00","0.00","3012.14","15:24:00","0:00:00","166.54","0.00","0.00","0.00","85.50","0.00","0.00","8813.49"
"Mansfield","06/27/2013","1889.61","0.00","0.00","0.00","0.00","5178.70","11/24/2013","1548.67","1324.88","0.00","0.00","0.00","3803.52","17:24:00","0:00:00","245.22","0.00","0.00","0.00","120.02","0.00","0.00","8982.22"
"Marblehead","06/27/2013","1003.54","1122.82","0.00","0.00","(25.06)","3270.82","10/12/2013","1774.57","0.00","0.00","0.00","0.00","3021.56","9:12:00","10:12:00","105.92","0.00","0.00","(25.06)","137.53","0.00","0.00","6267.32"
"Marion","06/27/2013","1244.21","1122.92","0.00","0.00","(269.06)","1571.10","11/25/2013","1774.57","0.00","169.99","0.00","0.00","3451.96","11:12:00","10:12:00","125.66","0.00","0.00","(269.06)","137.53","0.00","0.00","4754.00"
"Marlborough","06/27/2013","121.32","0.00","0.00","0.00","0.00","1592.10","11/25/2013","4235.24","0.00","0.00","0.00","0.00","4694.57","1:12:00","0:00:00","9.78","0.00","0.00","0.00","328.23","0.00","0.00","6286.67"
"Marshfield","06/27/2013","121.33","0.00","0.00","0.00","0.00","1330.62","11/25/2013","4697.55","0.00","0.00","0.00","0.00","5197.62","1:12:00","0:00:00","14.68","0.00","0.00","0.00","364.06","0.00","0.00","6528.24"
"Mashpee","06/27/2013","554.64","0.00","0.00","0.00","0.00","1955.02","11/25/2013","2702.32","0.00","0.00","0.00","0.00","3533.53","5:24:00","0:00:00","67.14","0.00","0.00","0.00","209.43","0.00","0.00","5488.55"
"Mattapoisett","06/27/2013","988.03","0.00","0.00","0.00","0.00","2927.65","11/25/2013","688.15","0.00","0.00","0.00","0.00","1814.95","9:24:00","0:00:00","85.43","0.00","0.00","0.00","53.34","0.00","0.00","4742.60"
"Maynard","06/27/2013","1095.46","0.00","0.00","0.00","(299.12)","2729.93","11/25/2013","450.71","666.10","0.00","0.00","(6.06)","1668.71","10:24:00","0:00:00","87.61","0.00","0.00","(305.18)","34.93","0.00","0.00","4093.46"
"Medfield","06/27/2013","437.43","546.78","0.00","0.00","0.00","4385.06","11/25/2013","883.60","666.10","0.00","0.00","0.00","1422.78","4:12:00","5:12:00","33.27","0.00","0.00","0.00","68.48","0.00","0.00","5807.84"
"Medford","06/27/2013","771.55","546.83","0.00","0.00","0.00","5205.21","11/26/2013","1986.78","0.00","0.00","0.00","0.00","3005.70","7:12:00","5:12:00","93.39","0.00","0.00","0.00","153.98","0.00","0.00","8210.91"
"Medway","06/27/2013","1658.61","0.00","0.00","0.00","0.00","5792.78","11/26/2013","1103.18","1324.88","0.00","0.00","0.00","3014.08","15:24:00","0:00:00","166.79","0.00","0.00","0.00","85.50","0.00","0.00","8806.86"
"Melrose","06/27/2013","1891.54","0.00","0.00","0.00","0.00","5169.06","11/26/2013","1548.67","1324.88","0.00","0.00","0.00","3805.79","17:24:00","0:00:00","245.56","0.00","0.00","0.00","120.02","0.00","0.00","8974.85"
"Mendon","06/27/2013","1004.55","1123.94","0.00","0.00","(279.06)","3235.82","11/26/2013","3323.24","0.00","0.00","0.00","0.00","4691.35","9:12:00","10:12:00","106.01","0.00","0.00","(279.06)","257.55","0.00","0.00","7648.11"
"Merrimac","06/27/2013","1245.44","1124.04","0.00","0.00","(25.06)","1592.74","11/26/2013","3777.14","0.00","0.00","0.00","0.00","5441.09","11:12:00","10:12:00","125.78","0.00","0.00","(25.06)","292.73","0.00","0.00","7008.77"
"Methuen","06/27/2013","1263.72","0.00","0.00","0.00","0.00","1392.52","11/26/2013","4235.24","0.00","0.00","0.00","0.00","5935.68","12:24:00","0:00:00","108.49","0.00","0.00","0.00","328.23","0.00","0.00","7328.20"
"Middleborough","06/27/2013","350.46","0.00","0.00","0.00","(15.38)","1155.97","11/26/2013","4697.55","0.00","0.00","0.00","0.00","5449.07","3:24:00","0:00:00","37.00","0.00","0.00","(15.38)","364.06","0.00","0.00","6589.66"
"Middlefield","06/27/2013","562.77","0.00","0.00","0.00","0.00","2686.73","11/26/2013","2702.32","0.00","0.00","0.00","(6.06)","3542.64","5:24:00","0:00:00","68.12","0.00","0.00","(6.06)","209.43","0.00","0.00","6223.31"
"Middleton","06/27/2013","971.78","0.00","0.00","0.00","(284.06)","2649.20","11/27/2013","688.15","0.00","0.00","0.00","0.00","1798.79","9:24:00","0:00:00","85.52","0.00","0.00","(284.06)","53.34","0.00","0.00","4163.93"
"Milford","06/27/2013","1063.52","0.00","0.00","0.00","0.00","3349.46","11/27/2013","450.71","666.10","0.00","0.00","0.00","1632.90","10:24:00","0:00:00","83.74","0.00","0.00","0.00","34.93","0.00","0.00","4982.36"
"Millbury","06/27/2013","428.65","525.51","0.00","0.00","(25.06)","4361.73","11/27/2013","883.60","666.10","0.00","0.00","0.00","1413.33","4:12:00","5:12:00","32.60","0.00","0.00","(25.06)","68.48","0.00","0.00","5750.00"
"Millis","06/27/2013","734.90","546.36","0.00","0.00","0.00","5116.91","11/27/2013","1986.78","0.00","0.00","0.00","0.00","2964.62","7:12:00","5:12:00","88.96","0.00","0.00","0.00","153.98","0.00","0.00","8081.53"
"Millville","06/27/2013","1603.84","0.00","0.00","0.00","0.00","5692.68","11/27/2013","1103.18","1324.88","0.00","0.00","0.00","2949.62","15:24:00","0:00:00","157.10","0.00","0.00","0.00","85.50","0.00","0.00","8642.30"
"Milton","06/27/2013","1801.97","0.00","0.00","0.00","(289.06)","5163.63","11/27/2013","1548.67","1324.88","0.00","0.00","0.00","3698.63","17:24:00","0:00:00","227.97","0.00","0.00","(289.06)","120.02","0.00","0.00","8573.20"
"Monroe","06/27/2013","930.12","1061.82","0.00","0.00","0.00","3222.52","11/27/2013","3323.24","0.00","0.00","0.00","0.00","4610.88","9:12:00","10:12:00","99.97","0.00","0.00","0.00","257.55","0.00","0.00","7833.40"
"Monson","06/27/2013","1132.43","1041.52","0.00","0.00","0.00","1533.08","11/27/2013","3777.14","0.00","0.00","0.00","0.00","5314.71","11:12:00","10:12:00","112.41","0.00","0.00","0.00","292.73","0.00","0.00","6847.79"
"Montague","06/27/2013","1299.88","0.00","0.00","0.00","(25.06)","1408.57","11/28/2013","4235.24","0.00","0.00","0.00","(6.06)","5977.08","12:24:00","0:00:00","113.73","0.00","0.00","(31.12)","328.23","0.00","0.00","7354.53"
"Monterey","06/27/2013","355.05","0.00","0.00","0.00","(20.49)","1150.19","10/15/2013","2464.88","0.00","0.00","0.00","0.00","3046.58","3:24:00","0:00:00","35.62","0.00","0.00","(20.49)","191.03","0.00","0.00","4176.28"
"Montgomery","06/27/2013","559.16","0.00","0.00","0.00","(294.06)","2679.53","11/28/2013","2464.88","0.00","0.00","0.00","0.00","3282.76","5:24:00","0:00:00","67.69","0.00","0.00","(294.06)","191.03","0.00","0.00","5668.23"
"Mount Washington","06/27/2013","645.73","0.00","0.00","0.00","0.00","2626.24","11/28/2013","688.15","0.00","0.00","0.00","0.00","1447.59","6:12:00","0:00:00","60.37","0.00","0.00","0.00","53.34","0.00","0.00","4073.83"
"Nahant","06/27/2013","633.39","0.00","0.00","0.00","0.00","3379.76","11/28/2013","450.71","666.10","0.00","0.00","0.00","1167.20","6:12:00","0:00:00","48.17","0.00","0.00","0.00","34.93","0.00","0.00","4546.96"
"Nantucket","06/27/2013","441.71","531.28","0.00","0.00","0.00","2638.00","11/28/2013","883.60","666.10","0.00","0.00","0.00","1427.38","4:12:00","5:12:00","33.59","0.00","0.00","0.00","68.48","0.00","0.00","4065.38"
"Natick","06/27/2013","757.30","536.54","0.00","0.00","(25.06)","2931.68","11/28/2013","1986.78","0.00","0.00","0.00","0.00","2989.73","7:12:00","5:12:00","91.67","0.00","0.00","(25.06)","153.98","0.00","0.00","5896.35"
"Needham","06/27/2013","1596.33","0.00","0.00","0.00","(299.06)","4398.39","11/28/2013","1103.18","1324.88","0.00","0.00","0.00","2940.25","15:24:00","0:00:00","155.24","0.00","0.00","(299.06)","85.50","0.00","0.00","7039.58"
"New Ashford","06/27/2013","1788.48","0.00","0.00","0.00","0.00","4896.66","11/29/2013","1548.67","1324.88","0.00","0.00","0.00","3668.03","17:24:00","0:00:00","210.86","0.00","0.00","0.00","120.02","0.00","0.00","8564.69"
"New Bedford","06/27/2013","3118.89","3457.90","0.00","0.00","0.00","4673.28","11/29/2013","3323.24","0.00","0.00","0.00","(6.06)","7071.71","9:12:00","10:12:00","372.03","0.00","0.00","(6.06)","257.55","0.00","0.00","11738.93"
"New Braintree","06/27/2013","1579.42","1438.40","0.00","0.00","0.00","1901.61","11/29/2013","3777.14","0.00","0.00","0.00","0.00","5799.30","11:12:00","10:12:00","150.01","0.00","0.00","0.00","292.73","0.00","0.00","7700.91"
"New Marlborough","06/27/2013","793.98","0.00","0.00","0.00","0.00","894.32","11/29/2013","4235.24","0.00","0.00","0.00","0.00","5423.49","12:24:00","0:00:00","66.04","0.00","0.00","0.00","328.23","0.00","0.00","6317.81"
"New Salem","06/27/2013","333.34","0.00","0.00","0.00","(329.12)","1116.58","11/29/2013","4697.55","0.00","204.99","0.00","0.00","5640.29","3:24:00","0:00:00","40.35","0.00","0.00","(329.12)","364.06","0.00","0.00","6427.75"
"Newbury","06/27/2013","1226.07","0.00","0.00","0.00","0.00","3894.12","11/29/2013","2702.32","0.00","0.00","0.00","0.00","4267.70","5:24:00","0:00:00","129.88","0.00","0.00","0.00","209.43","0.00","0.00","8161.82"
"Newburyport","06/27/2013","2124.96","0.00","0.00","0.00","0.00","5014.32","11/29/2013","688.15","0.00","0.00","0.00","0.00","3107.24","9:24:00","0:00:00","240.79","0.00","0.00","0.00","53.34","0.00","0.00","8121.56"
"Newton","06/27/2013","3110.32","0.00","0.00","0.00","0.00","7482.42","11/29/2013","450.71","666.10","0.00","0.00","0.00","3972.46","10:24:00","0:00:00","376.50","0.00","0.00","0.00","34.93","0.00","0.00","11454.88"
"Norfolk","06/27/2013","1050.34","1300.42","0.00","0.00","0.00","6083.07","11/30/2013","883.60","666.10","0.00","0.00","0.00","2129.56","4:12:00","5:12:00","127.14","0.00","0.00","0.00","68.48","0.00","0.00","8212.63"
"North.Adams","06/27/2013","475.85","343.67","0.00","0.00","(309.06)","4807.63","11/30/2013","1986.78","0.00","0.00","0.00","0.00","2695.61","7:12:00","5:12:00","79.00","0.00","0.00","(309.06)","153.98","0.00","0.00","7194.18"
"North.Andover","06/27/2013","3066.14","0.00","0.00","0.00","(25.06)","7043.45","11/30/2013","1103.18","1324.88","0.00","0.00","(6.06)","4592.67","15:24:00","0:00:00","337.85","0.00","0.00","(31.12)","85.50","0.00","0.00","11605.00"
"North.Attleborough","06/27/2013","5935.31","0.00","0.00","0.00","0.00","6063.59","11/30/2013","1548.67","1324.88","0.00","0.00","0.00","8345.03","17:24:00","0:00:00","741.03","0.00","0.00","0.00","120.02","0.00","0.00","14408.62"
"North.Brookfield","06/27/2013","1325.90","1470.02","0.00","0.00","0.00","3453.43","11/30/2013","3323.24","0.00","0.00","0.00","0.00","5022.20","9:12:00","10:12:00","115.51","0.00","0.00","0.00","257.55","0.00","0.00","8475.63"
"North.Reading","06/27/2013","2263.86","2061.73","0.00","0.00","0.00","2562.63","11/30/2013","3777.14","0.00","0.00","0.00","0.00","6575.78","11:12:00","10:12:00","242.05","0.00","0.00","0.00","292.73","0.00","0.00","9138.41"
"Northampton","06/27/2013","336.54","0.00","0.00","0.00","(314.06)","453.45","11/30/2013","4235.24","0.00","0.00","0.00","0.00","4925.60","12:24:00","0:00:00","25.59","0.00","0.00","(314.06)","328.23","0.00","0.00","5064.99"
"Northborough","06/27/2013","483.31","0.00","0.00","0.00","0.00","1295.09","11/30/2013","4697.55","0.00","0.00","0.00","0.00","5603.42","3:24:00","0:00:00","58.50","0.00","0.00","0.00","364.06","0.00","0.00","6898.51"
"Northbridge","06/27/2013","773.06","0.00","0.00","0.00","(25.06)","3011.65","12/01/2013","2702.32","0.00","0.00","0.00","0.00","3761.73","5:24:00","0:00:00","76.92","0.00","0.00","(25.06)","209.43","0.00","0.00","6748.32"
"Northfield","06/27/2013","932.19","0.00","0.00","0.00","0.00","2508.83","12/01/2013","688.15","0.00","0.00","0.00","0.00","1744.58","9:24:00","0:00:00","70.90","0.00","0.00","0.00","53.34","0.00","0.00","4253.41"
"Norton","06/27/2013","3569.08","0.00","0.00","0.00","0.00","8126.82","10/18/2013","0.00","666.10","0.00","0.00","0.00","4001.12","10:24:00","0:00:00","432.04","0.00","0.00","0.00","0.00","0.00","0.00","12127.94"
"Norwell","06/27/2013","1055.00","1306.19","0.00","0.00","(319.06)","5871.99","12/01/2013","0.00","666.10","0.00","0.00","(6.06)","1182.71","4:12:00","5:12:00","127.71","0.00","0.00","(325.12)","0.00","0.00","0.00","6729.58"
"Norwood","06/27/2013","1815.84","0.00","0.00","0.00","0.00","6955.12","12/01/2013","1986.78","0.00","0.00","0.00","0.00","4221.40","7:12:00","0:00:00","264.80","0.00","0.00","0.00","153.98","0.00","0.00","11176.52"
"Oak Bluffs","06/27/2013","770.47","0.00","0.00","0.00","0.00","5779.97","12/01/2013","1103.18","1324.88","0.00","0.00","0.00","2052.42","7:12:00","0:00:00","93.27","0.00","0.00","0.00","85.50","0.00","0.00","7832.39"
"Oakham","06/27/2013","1888.74","0.00","0.00","0.00","(25.06)","2741.38","12/01/2013","1548.67","1324.88","0.00","0.00","0.00","3825.61","17:24:00","0:00:00","268.18","0.00","0.00","(25.06)","120.02","0.00","0.00","6541.93"
"Orange","06/27/2013","1003.08","1122.31","0.00","0.00","0.00","2931.00","12/01/2013","3323.24","0.00","0.00","0.00","0.00","4689.74","9:12:00","10:12:00","105.87","0.00","0.00","0.00","257.55","0.00","0.00","7620.74"
"Orleans","06/27/2013","1243.65","1122.41","0.00","0.00","(324.06)","1139.32","12/02/2013","3777.14","0.00","0.00","0.00","0.00","5439.12","11:12:00","10:12:00","125.60","0.00","0.00","(324.06)","292.73","0.00","0.00","6254.38"
"Otis","06/27/2013","1365.02","0.00","0.00","0.00","0.00","866.21","12/02/2013","4235.24","0.00","0.00","0.00","0.00","6064.14","12:24:00","0:00:00","135.65","0.00","0.00","0.00","328.23","0.00","0.00","6930.35"
"Oxford","06/27/2013","345.80","0.00","0.00","0.00","0.00","1102.10","12/02/2013","4697.55","0.00","0.00","0.00","0.00","5449.27","3:24:00","0:00:00","41.86","0.00","0.00","0.00","364.06","0.00","0.00","6551.37"
"Palmer","06/27/2013","554.37","0.00","0.00","0.00","0.00","2671.29","12/02/2013","2702.32","0.00","0.00","0.00","0.00","3533.23","5:24:00","0:00:00","67.11","0.00","0.00","0.00","209.43","0.00","0.00","6204.52"
"Paxton","06/27/2013","987.56","0.00","0.00","0.00","(25.06)","2715.75","12/02/2013","688.15","0.00","0.00","0.00","(6.06)","1814.46","9:24:00","0:00:00","85.41","0.00","0.00","(31.12)","53.34","0.00","0.00","4499.09"
"Peabody","06/27/2013","1430.51","0.00","0.00","0.00","(335.35)","4418.82","12/02/2013","540.85","799.32","0.00","0.00","0.00","2143.44","11:57:36","0:00:00","130.16","0.00","0.00","(335.35)","41.92","0.00","0.00","6226.91"
"Pelham","06/27/2013","437.22","546.52","0.00","0.00","0.00","4342.30","12/02/2013","883.60","666.10","0.00","0.00","0.00","1422.55","4:12:00","5:12:00","33.25","0.00","0.00","0.00","68.48","0.00","0.00","5764.85"
"Pembroke","06/27/2013","771.19","546.57","0.00","0.00","0.00","5143.93","12/02/2013","1986.78","0.00","0.00","0.00","0.00","3007.24","7:12:00","5:12:00","95.29","0.00","0.00","0.00","153.98","0.00","0.00","8151.17"
"Pepperell","06/27/2013","1657.84","0.00","0.00","0.00","0.00","5736.15","12/03/2013","1103.18","1324.88","0.00","0.00","0.00","3013.20","15:24:00","0:00:00","166.68","0.00","0.00","0.00","85.50","0.00","0.00","8749.35"
"Peru","06/27/2013","1890.67","0.00","0.00","0.00","0.00","5113.11","12/03/2013","1548.67","1324.88","0.00","0.00","0.00","3804.77","17:24:00","0:00:00","245.41","0.00","0.00","0.00","120.02","0.00","0.00","8917.88"
"Petersham","06/27/2013","1004.09","1123.43","0.00","0.00","(359.12)","3205.57","12/03/2013","3323.24","0.00","0.00","0.00","0.00","4690.85","9:12:00","10:12:00","105.97","0.00","0.00","(359.12)","257.55","0.00","0.00","7537.30"
"Phillipston","06/27/2013","1244.88","1123.53","0.00","0.00","0.00","1506.73","12/03/2013","3777.14","0.00","0.00","0.00","0.00","5440.49","11:12:00","10:12:00","125.74","0.00","0.00","0.00","292.73","0.00","0.00","6947.22"
"Pittsfield","06/27/2013","1366.38","0.00","0.00","0.00","0.00","1353.06","12/03/2013","4235.24","0.00","0.00","0.00","0.00","6050.79","12:24:00","0:00:00","120.94","0.00","0.00","0.00","328.23","0.00","0.00","7403.85"
"Plainfield","06/27/2013","346.17","0.00","0.00","0.00","0.00","1086.36","12/03/2013","4697.55","0.00","0.00","0.00","(6.06)","5444.04","3:24:00","0:00:00","36.26","0.00","0.00","(6.06)","364.06","0.00","0.00","6524.34"
"Plainville","06/27/2013","554.98","0.00","0.00","0.00","0.00","2651.41","12/03/2013","2702.32","0.00","0.00","0.00","0.00","3533.91","5:24:00","0:00:00","67.18","0.00","0.00","0.00","209.43","0.00","0.00","6185.32"
"Plymouth","06/27/2013","988.59","0.00","0.00","0.00","(339.06)","2676.93","12/03/2013","688.15","0.00","239.99","0.00","0.00","2055.52","9:24:00","0:00:00","85.45","0.00","0.00","(339.06)","53.34","0.00","0.00","4393.39"
"Plympton","06/27/2013","1096.08","0.00","0.00","0.00","(25.06)","3689.02","12/04/2013","450.71","666.10","0.00","0.00","0.00","1669.39","10:24:00","0:00:00","87.67","0.00","0.00","(25.06)","34.93","0.00","0.00","5333.35"
"Princeton","06/27/2013","428.44","525.25","0.00","0.00","0.00","4513.66","12/04/2013","883.60","666.10","0.00","0.00","0.00","1413.11","4:12:00","5:12:00","32.59","0.00","0.00","0.00","68.48","0.00","0.00","5926.77"
"Provincetown","06/27/2013","734.54","546.10","0.00","0.00","0.00","5290.46","12/04/2013","1986.78","0.00","0.00","0.00","0.00","2964.21","7:12:00","5:12:00","88.91","0.00","0.00","0.00","153.98","0.00","0.00","8254.67"
"Quincy","06/27/2013","1603.07","0.00","0.00","0.00","0.00","5873.78","10/21/2013","0.00","1324.88","0.00","0.00","0.00","1760.05","15:24:00","0:00:00","156.98","0.00","0.00","0.00","0.00","0.00","0.00","7633.83"
"Randolph","06/27/2013","1801.10","0.00","0.00","0.00","(344.06)","5345.38","12/04/2013","0.00","1324.88","0.00","0.00","0.00","2028.92","17:24:00","0:00:00","227.82","0.00","0.00","(344.06)","0.00","0.00","0.00","7030.24"
"Raynham","06/27/2013","0.00","1061.31","0.00","0.00","0.00","3164.26","12/04/2013","3323.24","0.00","0.00","0.00","0.00","3580.79","0:00:00","10:12:00","0.00","0.00","0.00","0.00","257.55","0.00","0.00","6745.05"
"Reading","06/27/2013","0.00","1041.01","0.00","0.00","(25.06)","1497.34","12/04/2013","3777.14","0.00","0.00","0.00","(6.06)","4069.87","0:00:00","10:12:00","0.00","0.00","0.00","(31.12)","292.73","0.00","0.00","5536.09"
"Rehoboth","06/27/2013","1299.26","0.00","0.00","0.00","(22.94)","856.00","12/04/2013","4235.24","0.00","0.00","0.00","0.00","5976.41","12:24:00","0:00:00","113.68","0.00","0.00","(22.94)","328.23","0.00","0.00","6809.47"
"Revere","06/27/2013","354.88","0.00","0.00","0.00","(25.04)","139.78","12/05/2013","4697.55","0.00","0.00","0.00","0.00","5452.10","3:24:00","0:00:00","35.61","0.00","0.00","(25.04)","364.06","0.00","0.00","5566.84"
"Richmond","06/27/2013","558.89","0.00","0.00","0.00","(349.06)","2616.87","12/05/2013","2702.32","0.00","0.00","0.00","0.00","3538.30","5:24:00","0:00:00","67.66","0.00","0.00","(349.06)","209.43","0.00","0.00","5806.11"
"Rochester","06/27/2013","968.94","0.00","0.00","0.00","0.00","1622.20","12/05/2013","688.15","0.00","0.00","0.00","0.00","1795.39","9:24:00","0:00:00","84.96","0.00","0.00","0.00","53.34","0.00","0.00","3417.59"
"Rockland","06/27/2013","1057.74","0.00","0.00","0.00","0.00","3344.34","12/05/2013","450.71","666.10","0.00","0.00","0.00","1660.15","10:24:00","0:00:00","116.77","0.00","0.00","0.00","34.93","0.00","0.00","5004.49"
"Rockport","06/27/2013","441.50","531.02","0.00","0.00","(25.06)","4268.96","12/05/2013","883.60","666.10","0.00","0.00","0.00","1427.16","4:12:00","5:12:00","33.58","0.00","0.00","(25.06)","68.48","0.00","0.00","5671.06"
"Rowe","06/27/2013","756.94","536.28","0.00","0.00","0.00","5011.40","12/05/2013","1986.78","0.00","0.00","0.00","0.00","2989.33","7:12:00","5:12:00","91.63","0.00","0.00","0.00","153.98","0.00","0.00","8000.73"
"Rowley","06/27/2013","1595.56","0.00","0.00","0.00","(354.06)","5579.38","12/05/2013","1103.18","1324.88","0.00","0.00","0.00","2939.36","15:24:00","0:00:00","155.12","0.00","0.00","(354.06)","85.50","0.00","0.00","8164.68"
"Royalston","06/27/2013","1787.61","0.00","0.00","0.00","0.00","5083.93","12/05/2013","1548.67","1324.88","0.00","0.00","(6.06)","3680.01","17:24:00","0:00:00","223.71","0.00","0.00","(6.06)","120.02","0.00","0.00","8757.88"
"Russell","06/27/2013","939.87","1031.83","0.00","0.00","0.00","3158.59","12/06/2013","3323.24","0.00","0.00","0.00","0.00","4621.60","9:12:00","10:12:00","100.94","0.00","0.00","0.00","257.55","0.00","0.00","7780.19"
"Rutland","06/27/2013","1144.30","1072.73","0.00","0.00","0.00","1468.92","12/06/2013","3777.14","0.00","0.00","0.00","0.00","5327.56","11:12:00","10:12:00","113.39","0.00","0.00","0.00","292.73","0.00","0.00","6796.48"
"Salem","06/27/2013","1281.84","0.00","0.00","0.00","(25.06)","1332.18","12/06/2013","4235.24","0.00","0.00","0.00","0.00","5956.27","12:24:00","0:00:00","110.96","0.00","0.00","(25.06)","328.23","0.00","0.00","7263.39"
"Salisbury","06/27/2013","352.05","0.00","0.00","0.00","(379.57)","1068.47","12/06/2013","4697.55","0.00","0.00","0.00","0.00","5450.27","3:24:00","0:00:00","36.61","0.00","0.00","(379.57)","364.06","0.00","0.00","6139.17"
"Sandisfield","06/27/2013","556.08","0.00","0.00","0.00","0.00","2588.40","12/06/2013","2702.32","0.00","0.00","0.00","0.00","3535.14","5:24:00","0:00:00","67.31","0.00","0.00","0.00","209.43","0.00","0.00","6123.54"
"Sandwich","06/27/2013","2942.29","0.00","0.00","0.00","0.00","6249.56","12/06/2013","688.15","0.00","0.00","0.00","0.00","4007.15","9:24:00","0:00:00","323.37","0.00","0.00","0.00","53.34","0.00","0.00","10256.71"
"Saugus","06/27/2013","2642.02","0.00","0.00","0.00","0.00","6739.40","12/06/2013","563.38","832.62","0.00","0.00","0.00","3570.75","12:28:48","0:00:00","321.69","0.00","0.00","0.00","43.66","0.00","0.00","10310.15"
"Savoy","06/27/2013","302.53","374.56","0.00","0.00","0.00","3948.27","12/06/2013","883.60","666.10","0.00","0.00","0.00","1291.23","4:12:00","5:12:00","36.62","0.00","0.00","0.00","68.48","0.00","0.00","5239.50"
"Scituate","06/27/2013","1821.89","1315.81","0.00","0.00","(389.12)","6938.62","12/07/2013","1986.78","0.00","0.00","0.00","(6.06)","4213.02","7:12:00","5:12:00","250.37","0.00","0.00","(395.18)","153.98","0.00","0.00","10756.46"
"Seekonk","06/27/2013","5344.57","0.00","0.00","0.00","0.00","9064.18","12/07/2013","1103.18","1324.88","0.00","0.00","0.00","7180.21","15:24:00","0:00:00","646.96","0.00","0.00","0.00","85.50","0.00","0.00","16244.39"
"Sharon","06/27/2013","4420.64","0.00","0.00","0.00","0.00","5657.61","12/07/2013","1548.67","1324.88","0.00","0.00","0.00","6650.71","17:24:00","0:00:00","561.38","0.00","0.00","0.00","120.02","0.00","0.00","12308.32"
"Sheffield","06/27/2013","672.24","745.31","0.00","0.00","0.00","2960.88","12/07/2013","3323.24","0.00","0.00","0.00","0.00","4310.28","9:12:00","10:12:00","57.25","0.00","0.00","0.00","257.55","0.00","0.00","7271.16"
"Shelburne","06/27/2013","1165.70","1061.62","0.00","0.00","0.00","1455.52","10/24/2013","2002.57","0.00","0.00","0.00","0.00","3446.82","11:12:00","10:12:00","123.35","0.00","0.00","0.00","155.20","0.00","0.00","4902.34"
"Sherborn","06/27/2013","2245.52","0.00","0.00","0.00","(369.06)","2196.01","12/07/2013","2002.57","0.00","0.00","0.00","0.00","4631.08","12:24:00","0:00:00","227.79","0.00","0.00","(369.06)","155.20","0.00","0.00","6458.03"
"Shirley","06/27/2013","266.42","0.00","0.00","0.00","(25.06)","1149.63","12/07/2013","4697.55","0.00","0.00","0.00","0.00","5348.29","2:12:00","0:00:00","20.26","0.00","0.00","(25.06)","364.06","0.00","0.00","6472.86"
"Shrewsbury","06/27/2013","325.84","0.00","0.00","0.00","0.00","2961.84","12/07/2013","2702.32","0.00","0.00","0.00","0.00","3277.03","2:12:00","0:00:00","39.44","0.00","0.00","0.00","209.43","0.00","0.00","6238.87"
"Shutesbury","06/27/2013","301.92","0.00","0.00","0.00","(23.60)","172.81","12/08/2013","688.15","0.00","0.00","0.00","0.00","1066.37","9:24:00","0:00:00","22.96","0.00","0.00","(23.60)","53.34","0.00","0.00","1215.58"
"Somerset","06/27/2013","3495.76","0.00","0.00","0.00","0.00","6236.62","12/08/2013","450.71","666.10","0.00","0.00","(6.06)","4392.71","10:24:00","0:00:00","411.31","0.00","0.00","(6.06)","34.93","0.00","0.00","10623.27"
"Somerville","06/27/2013","1096.79","1357.93","0.00","0.00","(374.06)","3183.11","12/08/2013","883.60","666.10","274.99","0.00","0.00","2456.63","4:12:00","5:12:00","132.77","0.00","0.00","(374.06)","68.48","0.00","0.00","5265.68"
"South.Hadley","06/27/2013","245.88","177.58","0.00","0.00","0.00","3949.21","12/08/2013","1986.78","0.00","0.00","0.00","0.00","2416.40","7:12:00","5:12:00","29.76","0.00","0.00","0.00","153.98","0.00","0.00","6365.61"
"Southampton","06/27/2013","510.66","0.00","0.00","0.00","(25.06)","4936.56","12/08/2013","1103.18","1324.88","0.00","0.00","0.00","1761.16","15:24:00","0:00:00","61.82","0.00","0.00","(25.06)","85.50","0.00","0.00","6672.66"
"Southborough","06/27/2013","3169.75","0.00","0.00","0.00","0.00","5647.70","12/08/2013","1548.67","1324.88","0.00","0.00","0.00","5203.64","17:24:00","0:00:00","365.20","0.00","0.00","0.00","120.02","0.00","0.00","10851.34"
"Southbridge","06/27/2013","1372.46","1521.64","0.00","0.00","0.00","3701.52","12/08/2013","3323.24","0.00","0.00","0.00","0.00","5091.52","9:12:00","10:12:00","138.27","0.00","0.00","0.00","257.55","0.00","0.00","8793.04"
"Southwick","06/27/2013","394.13","358.94","0.00","0.00","(379.06)","994.22","12/08/2013","3777.14","0.00","0.00","0.00","0.00","4502.73","11:12:00","10:12:00","38.73","0.00","0.00","(379.06)","292.73","0.00","0.00","5117.89"
"Spencer","06/27/2013","1862.48","0.00","0.00","0.00","0.00","1847.89","12/09/2013","4235.24","0.00","0.00","0.00","0.00","6636.51","12:24:00","0:00:00","210.56","0.00","0.00","0.00","328.23","0.00","0.00","8484.40"
"Springfield","06/27/2013","345.63","0.00","0.00","0.00","0.00","1039.40","12/09/2013","4697.55","0.00","0.00","0.00","0.00","5433.53","3:24:00","0:00:00","26.29","0.00","0.00","0.00","364.06","0.00","0.00","6472.93"
"Sterling","06/27/2013","554.10","0.00","0.00","0.00","(25.06)","2635.49","12/09/2013","2702.32","0.00","0.00","0.00","(6.06)","3532.92","5:24:00","0:00:00","67.07","0.00","0.00","(31.12)","209.43","0.00","0.00","6137.29"
"Stockbridge","06/27/2013","987.09","0.00","0.00","0.00","0.00","2628.88","12/09/2013","688.15","0.00","0.00","0.00","0.00","1813.97","9:24:00","0:00:00","85.39","0.00","0.00","0.00","53.34","0.00","0.00","4442.85"
"Stoneham","06/27/2013","1094.42","0.00","0.00","0.00","(384.06)","3369.97","12/09/2013","450.71","666.10","0.00","0.00","0.00","1667.54","10:24:00","0:00:00","87.48","0.00","0.00","(384.06)","34.93","0.00","0.00","4653.45"
"Stoughton","06/27/2013","437.01","546.26","0.00","0.00","0.00","4267.52","12/09/2013","883.60","666.10","0.00","0.00","0.00","1422.32","4:12:00","5:12:00","33.23","0.00","0.00","0.00","68.48","0.00","0.00","5689.84"
"Stow","06/27/2013","770.83","546.31","0.00","0.00","0.00","5080.01","12/09/2013","1986.78","0.00","0.00","0.00","0.00","3004.90","7:12:00","5:12:00","93.31","0.00","0.00","0.00","153.98","0.00","0.00","8084.91"
"Sturbridge","06/27/2013","1657.07","0.00","0.00","0.00","0.00","5670.85","12/09/2013","1103.18","1324.88","0.00","0.00","0.00","3012.31","15:24:00","0:00:00","166.56","0.00","0.00","0.00","85.50","0.00","0.00","8683.16"
"Sudbury","06/27/2013","1889.80","0.00","0.00","0.00","(25.06)","5072.62","12/10/2013","1548.67","1324.88","0.00","0.00","0.00","3803.74","17:24:00","0:00:00","245.25","0.00","0.00","(25.06)","120.02","0.00","0.00","8851.30"
"Sunderland","06/27/2013","1003.63","1122.92","0.00","0.00","(389.06)","3123.34","12/10/2013","3323.24","0.00","0.00","0.00","0.00","4690.35","9:12:00","10:12:00","105.93","0.00","0.00","(389.06)","257.55","0.00","0.00","7424.63"
"Sutton","06/27/2013","1244.32","1123.02","0.00","0.00","0.00","1450.85","12/10/2013","3777.14","0.00","0.00","0.00","0.00","5439.86","11:12:00","10:12:00","125.67","0.00","0.00","0.00","292.73","0.00","0.00","6890.71"
"Swampscott","06/27/2013","1365.76","0.00","0.00","0.00","0.00","1296.98","12/10/2013","4235.24","0.00","0.00","0.00","(6.06)","6050.11","12:24:00","0:00:00","120.88","0.00","0.00","(6.06)","328.23","0.00","0.00","7341.03"
"Swansea","06/27/2013","346.00","0.00","0.00","0.00","0.00","1025.16","12/10/2013","4697.55","0.00","0.00","0.00","0.00","5443.85","3:24:00","0:00:00","36.24","0.00","0.00","0.00","364.06","0.00","0.00","6469.01"
"Taunton","06/27/2013","554.71","0.00","0.00","0.00","0.00","2595.80","10/27/2013","237.44","0.00","0.00","0.00","0.00","877.70","5:24:00","0:00:00","67.15","0.00","0.00","0.00","18.40","0.00","0.00","3473.50"
"Templeton","06/27/2013","988.12","0.00","0.00","0.00","(419.12)","2646.62","12/10/2013","237.44","0.00","0.00","0.00","0.00","1329.39","9:24:00","0:00:00","85.43","0.00","0.00","(419.12)","18.40","0.00","0.00","3556.89"
"Tewksbury","06/27/2013","437.43","0.00","0.00","0.00","(10.70)","3378.50","12/10/2013","450.71","666.10","0.00","0.00","0.00","956.34","4:12:00","0:00:00","33.27","0.00","0.00","(10.70)","34.93","0.00","0.00","4324.14"
"Tisbury","06/27/2013","437.47","0.00","0.00","0.00","0.00","4258.09","12/11/2013","883.60","666.10","0.00","0.00","0.00","1422.82","4:12:00","0:00:00","33.27","0.00","0.00","0.00","68.48","0.00","0.00","5680.91"
"Tolland","06/27/2013","771.62","546.88","0.00","0.00","0.00","3156.92","12/11/2013","1986.78","0.00","0.00","0.00","0.00","3005.78","7:12:00","5:12:00","93.40","0.00","0.00","0.00","153.98","0.00","0.00","6162.70"
"Topsfield","06/27/2013","1658.78","0.00","0.00","0.00","0.00","3246.44","12/11/2013","1103.18","1324.88","0.00","0.00","0.00","3014.28","15:24:00","0:00:00","166.82","0.00","0.00","0.00","85.50","0.00","0.00","6260.72"
"Townsend","06/27/2013","1891.71","0.00","0.00","0.00","(399.06)","4900.17","12/11/2013","1548.67","1324.88","0.00","0.00","0.00","3806.00","17:24:00","0:00:00","245.60","0.00","0.00","(399.06)","120.02","0.00","0.00","8307.11"
"Truro","06/27/2013","1004.64","1124.04","0.00","0.00","(25.06)","2766.34","12/11/2013","3323.24","0.00","0.00","0.00","(6.06)","4696.93","9:12:00","10:12:00","111.50","0.00","0.00","(31.12)","257.55","0.00","0.00","7432.15"
"Tyngsborough","06/27/2013","1131.31","1040.50","0.00","0.00","0.00","1411.22","12/11/2013","3777.14","0.00","0.00","0.00","0.00","5328.00","11:12:00","10:12:00","126.82","0.00","0.00","0.00","292.73","0.00","0.00","6739.22"
"Tyringham","06/27/2013","1298.64","0.00","0.00","0.00","0.00","1263.21","12/11/2013","4235.24","0.00","0.00","0.00","0.00","5975.74","12:24:00","0:00:00","113.63","0.00","0.00","0.00","328.23","0.00","0.00","7238.95"
"Upton","06/27/2013","354.71","0.00","0.00","0.00","0.00","1015.82","12/11/2013","4697.55","0.00","0.00","0.00","0.00","5451.91","3:24:00","0:00:00","35.59","0.00","0.00","0.00","364.06","0.00","0.00","6467.73"
"Uxbridge","06/27/2013","558.62","0.00","0.00","0.00","(404.06)","2561.57","12/12/2013","2702.32","0.00","0.00","0.00","0.00","3537.99","5:24:00","0:00:00","67.62","0.00","0.00","(404.06)","209.43","0.00","0.00","5695.50"
"Wakefield","06/27/2013","968.47","0.00","0.00","0.00","0.00","2511.79","12/12/2013","688.15","0.00","0.00","0.00","0.00","1794.90","9:24:00","0:00:00","84.94","0.00","0.00","0.00","53.34","0.00","0.00","4306.69"
"Wales","06/27/2013","1057.22","0.00","0.00","0.00","(25.06)","3282.89","12/12/2013","0.00","0.00","0.00","0.00","0.00","1140.19","10:24:00","0:00:00","82.97","0.00","0.00","(25.06)","0.00","0.00","0.00","4398.02"
"Walpole","06/27/2013","441.29","530.76","0.00","0.00","0.00","4179.78","12/12/2013","883.60","666.10","0.00","0.00","0.00","1426.93","4:12:00","5:12:00","33.56","0.00","0.00","0.00","68.48","0.00","0.00","5606.71"
"Waltham","06/27/2013","756.58","536.02","0.00","0.00","0.00","5369.52","12/12/2013","1986.78","0.00","0.00","0.00","0.00","2988.92","7:12:00","5:12:00","91.58","0.00","0.00","0.00","153.98","0.00","0.00","8358.44"
"Ware","06/27/2013","1594.79","0.00","0.00","0.00","(409.06)","5522.95","12/12/2013","1103.18","1324.88","309.99","0.00","(6.06)","3248.46","15:24:00","0:00:00","155.00","0.00","0.00","(415.12)","85.50","0.00","0.00","8356.29"
"Wareham","06/27/2013","1786.74","0.00","0.00","0.00","0.00","5334.24","12/12/2013","1548.67","1324.88","0.00","0.00","0.00","3679.00","17:24:00","0:00:00","223.57","0.00","0.00","0.00","120.02","0.00","0.00","9013.24"
"Warren","06/27/2013","939.41","1031.32","0.00","0.00","0.00","3417.05","12/12/2013","3323.24","0.00","0.00","0.00","0.00","4621.13","9:12:00","10:12:00","100.93","0.00","0.00","0.00","257.55","0.00","0.00","8038.18"
"Warwick","06/27/2013","1143.74","1072.22","0.00","0.00","(25.06)","1754.53","12/13/2013","3777.14","0.00","0.00","0.00","0.00","5326.95","11:12:00","10:12:00","113.34","0.00","0.00","(25.06)","292.73","0.00","0.00","7056.42"
"Washington","06/27/2013","1281.22","0.00","0.00","0.00","0.00","1569.62","12/13/2013","4235.24","0.00","0.00","0.00","0.00","5955.60","12:24:00","0:00:00","110.91","0.00","0.00","0.00","328.23","0.00","0.00","7525.22"
"Watertown","06/27/2013","351.88","0.00","0.00","0.00","(414.06)","1311.92","12/13/2013","4697.55","0.00","0.00","0.00","0.00","5450.10","3:24:00","0:00:00","36.61","0.00","0.00","(414.06)","364.06","0.00","0.00","6347.96"
"Wayland","06/27/2013","555.81","0.00","0.00","0.00","0.00","2533.76","12/13/2013","2702.32","0.00","0.00","0.00","0.00","3534.84","5:24:00","0:00:00","67.28","0.00","0.00","0.00","209.43","0.00","0.00","6068.60"
"Webster","06/27/2013","954.10","0.00","0.00","0.00","0.00","2535.90","12/13/2013","688.15","0.00","0.00","0.00","0.00","1780.38","9:24:00","0:00:00","84.79","0.00","0.00","0.00","53.34","0.00","0.00","4316.28"
"Wellesley","06/27/2013","1081.16","0.00","0.00","0.00","0.00","3258.19","12/13/2013","450.71","666.10","0.00","0.00","0.00","1652.68","10:24:00","0:00:00","85.88","0.00","0.00","0.00","34.93","0.00","0.00","4910.87"
"Wellfleet","06/27/2013","433.36","546.94","0.00","0.00","(25.06)","4211.48","10/30/2013","883.60","0.00","0.00","0.00","(6.06)","1418.39","4:12:00","5:12:00","32.95","0.00","0.00","(31.12)","68.48","0.00","0.00","5598.75"
"Wendell","06/27/2013","742.97","541.79","0.00","0.00","(419.06)","4952.78","12/13/2013","883.60","0.00","0.00","0.00","0.00","1784.98","7:12:00","5:12:00","89.93","0.00","0.00","(419.06)","68.48","0.00","0.00","6318.70"
"Wenham","06/27/2013","854.44","0.00","0.00","0.00","0.00","5522.50","12/14/2013","1103.18","1324.88","0.00","0.00","0.00","2109.06","8:12:00","0:00:00","65.94","0.00","0.00","0.00","85.50","0.00","0.00","7631.56"
"West.Boylston","06/27/2013","1295.68","0.00","0.00","0.00","0.00","5231.48","12/14/2013","1548.67","1324.88","0.00","0.00","0.00","3129.78","8:12:00","0:00:00","165.41","0.00","0.00","0.00","120.02","0.00","0.00","8361.26"
"West.Bridgewater","06/27/2013","2704.98","2999.00","0.00","0.00","0.00","1606.94","12/14/2013","3323.24","0.00","0.00","0.00","0.00","6606.10","9:12:00","10:12:00","320.33","0.00","0.00","0.00","257.55","0.00","0.00","8213.04"
"West.Brookfield","06/27/2013","1781.14","1622.11","0.00","0.00","0.00","1480.22","12/14/2013","3777.14","0.00","0.00","0.00","0.00","6021.62","11:12:00","10:12:00","170.61","0.00","0.00","0.00","292.73","0.00","0.00","7501.84"
"West.Newbury","06/27/2013","2914.50","0.00","0.00","0.00","(449.12)","1179.58","12/14/2013","4235.24","0.00","0.00","0.00","0.00","7785.77","12:24:00","0:00:00","307.80","0.00","0.00","(449.12)","328.23","0.00","0.00","8516.23"
"West.Springfield","06/27/2013","139.57","0.00","0.00","0.00","(22.01)","714.70","12/14/2013","4697.55","0.00","0.00","0.00","0.00","5212.37","3:24:00","0:00:00","11.19","0.00","0.00","(22.01)","364.06","0.00","0.00","5905.06"
"West.Stockbridge","06/27/2013","421.52","0.00","0.00","0.00","0.00","2331.52","12/14/2013","2702.32","0.00","0.00","0.00","0.00","3384.30","5:24:00","0:00:00","51.03","0.00","0.00","0.00","209.43","0.00","0.00","5715.82"
"West.Tisbury","06/27/2013","2971.05","0.00","0.00","0.00","0.00","6240.38","12/14/2013","688.15","0.00","0.00","0.00","(6.06)","4046.90","9:24:00","0:00:00","334.36","0.00","0.00","(6.06)","53.34","0.00","0.00","10281.22"
"Westborough","06/27/2013","1633.64","0.00","0.00","0.00","0.00","4319.36","12/15/2013","450.71","666.10","0.00","0.00","0.00","2317.03","10:24:00","0:00:00","197.75","0.00","0.00","0.00","34.93","0.00","0.00","6636.39"
"Westfield","06/27/2013","164.18","203.27","0.00","0.00","(429.06)","3517.53","12/15/2013","883.60","666.10","0.00","0.00","0.00","1136.14","4:12:00","5:12:00","19.88","0.00","0.00","(429.06)","68.48","0.00","0.00","4224.61"
"Westford","06/27/2013","1491.12","1076.92","0.00","0.00","(25.06)","6287.34","12/15/2013","1986.78","0.00","0.00","0.00","0.00","3812.37","7:12:00","5:12:00","180.49","0.00","0.00","(25.06)","153.98","0.00","0.00","10074.65"
"Westhampton","06/27/2013","201.89","0.00","0.00","0.00","0.00","4297.58","12/15/2013","1103.18","1324.88","0.00","0.00","0.00","1415.02","15:24:00","0:00:00","24.45","0.00","0.00","0.00","85.50","0.00","0.00","5712.60"
"Westminster","06/27/2013","1968.28","0.00","0.00","0.00","0.00","5045.84","12/15/2013","1548.67","1324.88","0.00","0.00","0.00","3881.13","17:24:00","0:00:00","244.16","0.00","0.00","0.00","120.02","0.00","0.00","8926.97"
"Weston","06/27/2013","2807.20","3112.33","0.00","0.00","0.00","4322.27","12/15/2013","3323.24","0.00","0.00","0.00","0.00","6710.49","9:12:00","10:12:00","322.50","0.00","0.00","0.00","257.55","0.00","0.00","11032.76"
"Westport","06/27/2013","3932.77","3581.63","0.00","0.00","(434.06)","3989.07","12/15/2013","3777.14","0.00","0.00","0.00","0.00","8433.70","11:12:00","10:12:00","431.06","0.00","0.00","(434.06)","292.73","0.00","0.00","11988.71"
"Westwood","06/27/2013","3188.66","0.00","0.00","0.00","0.00","3064.03","12/15/2013","4235.24","0.00","0.00","0.00","0.00","8138.12","12:24:00","0:00:00","385.99","0.00","0.00","0.00","328.23","0.00","0.00","11202.15"
"Weymouth","06/27/2013","928.74","0.00","0.00","0.00","(25.06)","1776.94","12/16/2013","4697.55","0.00","0.00","0.00","(6.06)","6102.77","3:24:00","0:00:00","112.42","0.00","0.00","(31.12)","364.06","0.00","0.00","7848.59"
"Whately","06/27/2013","227.71","0.00","0.00","0.00","0.00","2018.62","12/16/2013","2702.32","0.00","0.00","0.00","0.00","3167.03","5:24:00","0:00:00","27.57","0.00","0.00","0.00","209.43","0.00","0.00","5185.65"
"Whitman","06/27/2013","2774.70","0.00","0.00","0.00","0.00","5861.29","12/16/2013","688.15","0.00","0.00","0.00","0.00","3838.41","9:24:00","0:00:00","322.22","0.00","0.00","0.00","53.34","0.00","0.00","9699.70"
"Wilbraham","06/27/2013","449.18","0.00","0.00","0.00","(439.06)","2054.36","12/16/2013","450.71","666.10","0.00","0.00","0.00","989.19","10:24:00","0:00:00","54.37","0.00","0.00","(439.06)","34.93","0.00","0.00","2604.49"
"Williamsburg","06/27/2013","185.64","229.84","0.00","0.00","0.00","3579.41","12/16/2013","883.60","666.10","0.00","0.00","0.00","1160.19","4:12:00","5:12:00","22.47","0.00","0.00","0.00","68.48","0.00","0.00","4739.60"
"Williamstown","06/27/2013","770.47","546.05","0.00","0.00","0.00","5024.68","12/16/2013","1986.78","0.00","0.00","0.00","0.00","2996.53","7:12:00","5:12:00","85.30","0.00","0.00","0.00","153.98","0.00","0.00","8021.21"
"Wilmington","06/27/2013","1656.30","0.00","0.00","0.00","(25.06)","5636.26","12/16/2013","1103.18","1324.88","0.00","0.00","0.00","3011.42","15:24:00","0:00:00","166.44","0.00","0.00","(25.06)","85.50","0.00","0.00","8622.62"
"Winchendon","06/27/2013","1888.93","0.00","0.00","0.00","0.00","4992.14","11/03/2013","1548.67","0.00","0.00","0.00","0.00","3802.73","17:24:00","0:00:00","245.11","0.00","0.00","0.00","120.02","0.00","0.00","8794.87"
"Winchester","06/27/2013","1003.17","1122.41","0.00","0.00","(444.06)","3066.48","12/17/2013","1548.67","0.00","344.99","0.00","0.00","3122.72","9:12:00","10:12:00","105.87","0.00","0.00","(444.06)","120.02","0.00","0.00","5745.14"
"Windsor","06/27/2013","1243.76","0.00","0.00","0.00","0.00","1739.41","12/17/2013","3777.14","0.00","0.00","0.00","(6.06)","5439.25","11:12:00","0:00:00","125.62","0.00","0.00","(6.06)","292.73","0.00","0.00","7172.60"
"Winthrop","06/27/2013","1243.87","0.00","0.00","0.00","0.00","1581.13","12/17/2013","4235.24","0.00","0.00","0.00","0.00","5913.47","11:12:00","0:00:00","106.13","0.00","0.00","0.00","328.23","0.00","0.00","7494.60"
"Woburn","06/27/2013","345.83","0.00","0.00","0.00","0.00","1321.07","12/17/2013","4697.55","0.00","0.00","0.00","0.00","5443.66","3:24:00","0:00:00","36.22","0.00","0.00","0.00","364.06","0.00","0.00","6764.73"
"Worcester","06/27/2013","554.44","0.00","0.00","0.00","(25.06)","1725.57","12/17/2013","2702.32","0.00","0.00","0.00","0.00","3533.31","5:24:00","0:00:00","67.12","0.00","0.00","(25.06)","209.43","0.00","0.00","5233.82"
"Worthington","06/27/2013","987.65","0.00","0.00","0.00","(449.06)","2070.97","12/17/2013","688.15","0.00","0.00","0.00","0.00","1814.56","9:24:00","0:00:00","85.42","0.00","0.00","(449.06)","53.34","0.00","0.00","3436.47"
"Wrentham","06/27/2013","1095.04","0.00","0.00","0.00","0.00","2164.63","12/17/2013","450.71","666.10","0.00","0.00","0.00","1673.35","10:24:00","0:00:00","92.67","0.00","0.00","0.00","34.93","0.00","0.00","3837.98"
"Yarmouth","06/27/2013","437.26","546.57","0.00","0.00","0.00","4243.60","12/17/2013","883.60","666.10","0.00","0.00","0.00","1442.27","4:12:00","5:12:00","52.93","0.00","0.00","0.00","68.48","0.00","0.00","5685.87"
